Harga Produk,Jumlah Terjual,Jumlah Ulasan,Kategori,Nama Produk,Rating,Rating Produk,Tanggal Komentar,Teks Ulasan,Username,Panjang Ulasan (karakter),Panjang Ulasan (kata)
52.000,100.0,29.0,1,Erigo T-Shirt Embro Vanderson Maroon - Kaos Unisex - S,5.0,4.8,2025-03-25 18:04:09.701257,"sesuai deskripsi, bahan adem, ukiran pas banget sesuai sama size chart nya. mantapp",A***a,83,13
52.000,100.0,29.0,1,Erigo T-Shirt Embro Vanderson Maroon - Kaos Unisex - S,5.0,4.8,2025-07-07 18:04:09.701291,"bagus tapi ya sesuai harga 45, berharap kaos seperti apa",B***i,56,10
52.000,100.0,29.0,1,Erigo T-Shirt Embro Vanderson Maroon - Kaos Unisex - S,5.0,4.8,2025-01-28 18:04:09.701298,"Ukuran pas, bahan lumayan",R***r,25,4
52.000,100.0,29.0,1,Erigo T-Shirt Embro Vanderson Maroon - Kaos Unisex - S,5.0,4.8,2024-09-16 18:04:09.701303,Menurut saya ini sangat jelek bahan panas,B***m,41,7
52.000,100.0,29.0,1,Erigo T-Shirt Embro Vanderson Maroon - Kaos Unisex - S,5.0,4.8,2025-03-27 18:04:09.701308,Kualitas produk: Bagus,B***t,22,3
52.000,100.0,29.0,1,Erigo T-Shirt Embro Vanderson Maroon - Kaos Unisex - S,5.0,4.8,2024-09-11 18:04:09.701313,bagus dan pas bgt,H***c,17,4
52.000,100.0,29.0,1,Erigo T-Shirt Embro Vanderson Maroon - Kaos Unisex - S,5.0,4.8,2025-05-09 18:04:09.701317,Nyaman,M***l,6,1
52.000,100.0,29.0,1,Erigo T-Shirt Embro Vanderson Maroon - Kaos Unisex - S,5.0,4.8,2024-11-17 18:04:09.701323,Barang bagus,D***i,12,2
52.000,100.0,29.0,1,Erigo T-Shirt Embro Vanderson Maroon - Kaos Unisex - S,5.0,4.8,2025-02-08 18:04:09.701329,Barang ok,W***l,9,2
52.000,100.0,29.0,1,Erigo T-Shirt Embro Vanderson Maroon - Kaos Unisex - S,5.0,4.8,2024-12-19 18:04:09.701334,Sesuai harga‚ò∫,V***d,13,2
166.000,250.0,55.0,7,Erigo Chino Short Flexi Fit Neddy Sand - Celana Pendek Chino Unisex - 28,5.0,4.9,2024-10-01 18:04:09.701344,Sudah sampe dengan baik celana chino pendek warna olive ori 100% erigo.,T***S,71,12
166.000,250.0,55.0,7,Erigo Chino Short Flexi Fit Neddy Sand - Celana Pendek Chino Unisex - 28,5.0,4.9,2025-05-29 18:04:09.701348,Packing aman pengiriman cepat bagang sesuai pesanan kualitas lumayan,T***S,68,9
166.000,250.0,55.0,7,Erigo Chino Short Flexi Fit Neddy Sand - Celana Pendek Chino Unisex - 28,5.0,4.9,2025-06-13 18:04:09.701353,Paket sudah sampai Bahan adem nyaman di pakai next order lagi,O***q,61,11
166.000,250.0,55.0,7,Erigo Chino Short Flexi Fit Neddy Sand - Celana Pendek Chino Unisex - 28,5.0,4.9,2024-12-06 18:04:09.701357,bahan bagus jahitan bagus seller fast respon,Hari,44,7
166.000,250.0,55.0,7,Erigo Chino Short Flexi Fit Neddy Sand - Celana Pendek Chino Unisex - 28,5.0,4.9,2024-11-19 18:04:09.701361,Kualitas produk: Sesuai gambar bagus dan saya suka celannyaü•∞üòç,T***S,61,9
166.000,250.0,55.0,7,Erigo Chino Short Flexi Fit Neddy Sand - Celana Pendek Chino Unisex - 28,5.0,4.9,2024-08-14 18:04:09.701366,Sudah sering beli celana dr erigo. Udah plg pas soal ukuran,O***_,59,11
166.000,250.0,55.0,7,Erigo Chino Short Flexi Fit Neddy Sand - Celana Pendek Chino Unisex - 28,5.0,4.9,2025-05-26 18:04:09.701370,Mantap kain nya adem size nya sesuai badan,s***a,42,8
166.000,250.0,55.0,7,Erigo Chino Short Flexi Fit Neddy Sand - Celana Pendek Chino Unisex - 28,5.0,4.9,2024-10-21 18:04:09.701375,"Bagus,, sudah langganan juga,, cuma warna beda sama yg difoto",F***.,61,10
166.000,250.0,55.0,7,Erigo Chino Short Flexi Fit Neddy Sand - Celana Pendek Chino Unisex - 28,5.0,4.9,2025-01-02 18:04:09.701379,Bagus banget barangnya nyaman dipakai,A****,37,5
166.000,250.0,55.0,7,Erigo Chino Short Flexi Fit Neddy Sand - Celana Pendek Chino Unisex - 28,5.0,4.9,2025-03-04 18:04:09.701384,Kancing nya lepas 22 nya . Ini kaya bukan erigo. Biasany bagus yg ini beda banget,w***g,81,16
140.000,60.0,2.0,2,"Erigo Short Shirt Pocket Danvin Teracotta - Kemeja Lengan Pendek Rayon Unisex - Size, S",5.0,4.2,2025-06-20 18:04:09.701388,"bahan adem, nyaman banget
ukuran L tinggi 169 bb 75
pas ga kegedean",A***r,67,13
140.000,60.0,2.0,2,"Erigo Short Shirt Pocket Danvin Teracotta - Kemeja Lengan Pendek Rayon Unisex - Size, S",5.0,4.2,2025-04-20 18:04:09.701392,Bahanya alus adem sizenya pas banget juga kacaw emang erigo mah kalo kata gua,p***¬è,77,14
140.000,60.0,2.0,2,"Erigo Short Shirt Pocket Danvin Teracotta - Kemeja Lengan Pendek Rayon Unisex - Size, S",5.0,4.2,2024-12-05 18:04:09.701396,"Sesuai
Kualitas produk: Baik sekali",E****,35,5
140.000,60.0,2.0,2,"Erigo Short Shirt Pocket Danvin Teracotta - Kemeja Lengan Pendek Rayon Unisex - Size, S",5.0,4.2,2025-03-10 18:04:09.701401,Kualitas produk: üëçüèªüëçüèª,Y****,21,3
140.000,60.0,2.0,2,"Erigo Short Shirt Pocket Danvin Teracotta - Kemeja Lengan Pendek Rayon Unisex - Size, S",5.0,4.2,2025-07-09 18:04:09.701405,tidak bisa di ganti ukurqn nya hiksss ü§îü´†üò≠üò≠üò≠,Q***e,43,8
140.000,60.0,2.0,2,"Erigo Short Shirt Pocket Danvin Teracotta - Kemeja Lengan Pendek Rayon Unisex - Size, S",5.0,4.2,2024-08-15 18:04:09.701409,bagus,T***k,5,1
140.000,60.0,2.0,2,"Erigo Short Shirt Pocket Danvin Teracotta - Kemeja Lengan Pendek Rayon Unisex - Size, S",5.0,4.2,2024-07-21 18:04:09.701414,oke,A***a,3,1
140.000,60.0,2.0,2,"Erigo Short Shirt Pocket Danvin Teracotta - Kemeja Lengan Pendek Rayon Unisex - Size, S",5.0,4.2,2025-05-23 18:04:09.701418,Oke,F***_,3,1
140.000,60.0,2.0,2,"Erigo Short Shirt Pocket Danvin Teracotta - Kemeja Lengan Pendek Rayon Unisex - Size, S",5.0,4.2,2025-05-18 18:04:09.701422,Good,T***a,4,1
140.000,60.0,2.0,2,"Erigo Short Shirt Pocket Danvin Teracotta - Kemeja Lengan Pendek Rayon Unisex - Size, S",5.0,4.2,2024-08-04 18:04:09.701427,Good,b***9,4,1
84.000,70.0,15.0,1,Erigo T-Shirt Ales Black - Kaos Unisex - M,5.0,4.9,2025-01-04 18:04:09.701435,Bagus produk sesuai harga murah,D***t,31,5
84.000,70.0,15.0,1,Erigo T-Shirt Ales Black - Kaos Unisex - M,5.0,4.9,2025-05-18 18:04:09.701440,Kualitas produk: Baguss,N***z,23,3
84.000,70.0,15.0,1,Erigo T-Shirt Ales Black - Kaos Unisex - M,5.0,4.9,2024-08-04 18:04:09.701444,Bahannya adem,T***S,13,2
84.000,70.0,15.0,1,Erigo T-Shirt Ales Black - Kaos Unisex - M,5.0,4.9,2025-05-22 18:04:09.701449,Good,f***d,4,1
84.000,70.0,15.0,1,Erigo T-Shirt Ales Black - Kaos Unisex - M,5.0,4.9,2024-12-25 18:04:09.701453,Mantap bajunya pas,J****,18,3
84.000,70.0,15.0,1,Erigo T-Shirt Ales Black - Kaos Unisex - M,5.0,4.9,2025-03-18 18:04:09.701457,Pas,s***y,3,1
84.000,70.0,15.0,1,Erigo T-Shirt Ales Black - Kaos Unisex - M,5.0,4.9,2025-03-28 18:04:09.701462,Bagus,A***i,5,1
84.000,70.0,15.0,1,Erigo T-Shirt Ales Black - Kaos Unisex - M,5.0,4.9,2025-03-07 18:04:09.701466,Keren semua,L***v,11,2
84.000,70.0,15.0,1,Erigo T-Shirt Ales Black - Kaos Unisex - M,5.0,4.9,2024-10-13 18:04:09.701470,good,a***s,4,1
84.000,70.0,15.0,1,Erigo T-Shirt Ales Black - Kaos Unisex - M,5.0,4.9,2024-09-18 18:04:09.701475,Nice,T***S,4,1
230.000,50.0,9.0,8,Erigo Denim Pants Edvard Dark Blue Sand Wash - Celana Panjang Denim Unisex - 28,5.0,4.8,2024-07-26 18:04:09.701479,"produk bagus, harga bagus, pengiriman lancar",R***d,44,6
230.000,50.0,9.0,8,Erigo Denim Pants Edvard Dark Blue Sand Wash - Celana Panjang Denim Unisex - 28,5.0,4.8,2025-06-30 18:04:09.701483,ukuran pas sesuai deskripsi. bahan jg bagus. pengiriman sesuai jadwal. Packing rapi dan aman,Bayu,92,14
230.000,50.0,9.0,8,Erigo Denim Pants Edvard Dark Blue Sand Wash - Celana Panjang Denim Unisex - 28,5.0,4.8,2025-05-10 18:04:09.701489,"bahan ringan, stretch dan agak tipis, tapi oke untuk looksnya, makasih",p***s,70,11
230.000,50.0,9.0,8,Erigo Denim Pants Edvard Dark Blue Sand Wash - Celana Panjang Denim Unisex - 28,5.0,4.8,2025-02-04 18:04:09.701493,Agak kegedean tapi yaudah masih bisa dipake,Rizki,43,7
230.000,50.0,9.0,8,Erigo Denim Pants Edvard Dark Blue Sand Wash - Celana Panjang Denim Unisex - 28,5.0,4.8,2025-06-25 18:04:09.701497,"barang OK, tapi proses dan pengirimannya agak.lama",J***n,50,7
230.000,50.0,9.0,8,Erigo Denim Pants Edvard Dark Blue Sand Wash - Celana Panjang Denim Unisex - 28,5.0,4.8,2024-09-21 18:04:09.701502,Warna nya aga aneh sih,T***S,22,5
230.000,50.0,9.0,8,Erigo Denim Pants Edvard Dark Blue Sand Wash - Celana Panjang Denim Unisex - 28,5.0,4.8,2025-02-17 18:04:09.701506,Great,D***f,5,1
230.000,50.0,9.0,8,Erigo Denim Pants Edvard Dark Blue Sand Wash - Celana Panjang Denim Unisex - 28,5.0,4.8,2024-11-17 18:04:09.701510,K,m***e,1,1
230.000,50.0,9.0,8,Erigo Denim Pants Edvard Dark Blue Sand Wash - Celana Panjang Denim Unisex - 28,5.0,4.8,2025-07-10 18:04:09.701514,üëç,M***x,1,1
230.000,60.0,20.0,3,Erigo Denim Pants Edwin Medium Blue - Celana Panjang Denim Unisex - 30,5.0,5.0,2025-07-16 18:04:09.701519,Barang sesuai pesanan dan sampai tepat waktu,Gullit,44,7
230.000,60.0,15.0,3,Erigo Denim Pants Edwin Medium Blue - Celana Panjang Denim Unisex - 30,5.0,5.0,2024-11-17 18:04:09.701523,"Terimakasih
Barang beta su sampai..
Semoga awet",A***n,47,7
230.000,60.0,11.0,3,Erigo Denim Pants Edwin Medium Blue - Celana Panjang Denim Unisex - 30,5.0,5.0,2024-07-21 18:04:09.701527,Product quality: Good,A***r,21,3
230.000,60.0,8.0,3,Erigo Denim Pants Edwin Medium Blue - Celana Panjang Denim Unisex - 30,5.0,5.0,2024-07-24 18:04:09.701532,Kualitas produk: Baik,T***S,21,3
230.000,60.0,7.0,3,Erigo Denim Pants Edwin Medium Blue - Celana Panjang Denim Unisex - 30,5.0,5.0,2024-11-25 18:04:09.701536,Sesuai,X***v,6,1
230.000,60.0,19.0,3,Erigo Denim Pants Edwin Medium Blue - Celana Panjang Denim Unisex - 30,5.0,5.0,2025-02-26 18:04:09.701540,P,Q***k,1,1
230.000,60.0,11.0,3,Erigo Denim Pants Edwin Medium Blue - Celana Panjang Denim Unisex - 30,5.0,5.0,2025-02-26 18:04:09.701545,Bagus,F***l,5,1
230.000,60.0,11.0,3,Erigo Denim Pants Edwin Medium Blue - Celana Panjang Denim Unisex - 30,5.0,5.0,2024-12-19 18:04:09.701549,Mantap,b***n,6,1
230.000,60.0,4.0,3,Erigo Denim Pants Edwin Medium Blue - Celana Panjang Denim Unisex - 30,5.0,5.0,2025-06-18 18:04:09.701553,Good,r***n,4,1
230.000,60.0,8.0,3,Erigo Denim Pants Edwin Medium Blue - Celana Panjang Denim Unisex - 30,5.0,5.0,2025-05-06 18:04:09.701557,Good,R***W,4,1
84.000,3.0,3.0,1,"Erigo T-Shirt Toyama Club Cream - Kaos Unisex - Size, S",5.0,1.0,2025-04-11 18:04:09.701562,Pesanan tdk sesuai yg di gambar motif nya beda kecewa,y***a,53,10
268.000,30.0,2.0,10,Erigo Parka Jacket Vachel Pale - Jaket Parka Unisex - L,5.0,5.0,2024-08-28 18:04:09.701566,"memang kalau dari segi bahan lumayan oke di harga nya, saran untuk bahan zipper atau resleting nya lebih ditingkatkan. over all bagus",Arcelio,133,22
268.000,30.0,12.0,10,Erigo Parka Jacket Vachel Pale - Jaket Parka Unisex - L,5.0,5.0,2025-02-06 18:04:09.701570,"pengiriman cepat, seller ramah, barang ORI, cakep juga. makasih erigo official",S***i,78,11
268.000,30.0,6.0,10,Erigo Parka Jacket Vachel Pale - Jaket Parka Unisex - L,5.0,5.0,2025-04-07 18:04:09.701574,Keren jacketnya aku pesan ukuran L agak gede tp jacket bagusan oversize sih dari pada ngepas,N***l,92,16
268.000,30.0,2.0,10,Erigo Parka Jacket Vachel Pale - Jaket Parka Unisex - L,5.0,5.0,2024-12-20 18:04:09.701579,"ukuranya kebesaran sih beda kayak baju kaos¬≤, diasarankan buat yang mau beli pilih satu ukuran dibawah ukuran asli, misal makenya L turunkan jadi M.",febri,148,24
268.000,30.0,1.0,10,Erigo Parka Jacket Vachel Pale - Jaket Parka Unisex - L,5.0,5.0,2025-04-29 18:04:09.701584,"Maaf baru komen, soalnya baru datang dari luar kota, jaket bagus banget, nyaman dipakai, sesuai dengan gambar. 
Terima kasih seller, sukses selalu...",V***e,149,22
268.000,30.0,12.0,10,Erigo Parka Jacket Vachel Pale - Jaket Parka Unisex - L,5.0,5.0,2024-08-05 18:04:09.701588,Cakeppp sesuai digambar,Y***z,23,3
268.000,30.0,12.0,10,Erigo Parka Jacket Vachel Pale - Jaket Parka Unisex - L,5.0,5.0,2025-05-28 18:04:09.701592,"Bagus, sesuai deskripsi",E***n,23,3
268.000,30.0,17.0,10,Erigo Parka Jacket Vachel Pale - Jaket Parka Unisex - L,5.0,5.0,2025-04-12 18:04:09.701597,Bagus,D***n,5,1
268.000,30.0,10.0,10,Erigo Parka Jacket Vachel Pale - Jaket Parka Unisex - L,5.0,5.0,2024-07-28 18:04:09.701601,Keren,U***a,5,1
120.000,14.0,2.0,2,Erigo Basic Long Sleeve Shirt Bhevin Grey - Kemeja Lengan Panjang Oxford Unisex - M,5.0,4.8,2025-03-20 18:04:09.701605,bgus pol,M***c,8,2
120.000,14.0,2.0,2,Erigo Basic Long Sleeve Shirt Bhevin Grey - Kemeja Lengan Panjang Oxford Unisex - M,5.0,4.8,2025-07-08 18:04:09.701609,Mantap,T***S,6,1
230.000,100.0,21.0,8,Erigo Denim Pants Eden Medium Black - Celana Panjang Denim Unisex - 28,5.0,5.0,2025-04-21 18:04:09.701614,Agak kegedean dikit tapi yaudah besok2 tolong lah ya menolong,Rizki,61,10
230.000,100.0,21.0,8,Erigo Denim Pants Eden Medium Black - Celana Panjang Denim Unisex - 28,5.0,5.0,2025-04-29 18:04:09.701618,Barang sesuai pesanan dan sampai tepat waktu,Gullit,44,7
230.000,100.0,21.0,8,Erigo Denim Pants Eden Medium Black - Celana Panjang Denim Unisex - 28,5.0,5.0,2024-12-29 18:04:09.701622,selalu cocok dengan fittingan erigo,Lesmana,35,5
230.000,100.0,21.0,8,Erigo Denim Pants Eden Medium Black - Celana Panjang Denim Unisex - 28,5.0,5.0,2025-06-03 18:04:09.701626,Kualitas produk: Bagus,V***¬Å,22,3
230.000,100.0,21.0,8,Erigo Denim Pants Eden Medium Black - Celana Panjang Denim Unisex - 28,5.0,5.0,2025-03-18 18:04:09.701631,"terbaik,,",Z***y,9,1
230.000,100.0,21.0,8,Erigo Denim Pants Eden Medium Black - Celana Panjang Denim Unisex - 28,5.0,5.0,2024-07-20 18:04:09.701636,Murah kualitas kece,p***u,19,3
230.000,100.0,21.0,8,Erigo Denim Pants Eden Medium Black - Celana Panjang Denim Unisex - 28,5.0,5.0,2024-12-15 18:04:09.701640,Good quality,A***i,12,2
230.000,100.0,21.0,8,Erigo Denim Pants Eden Medium Black - Celana Panjang Denim Unisex - 28,5.0,5.0,2024-08-26 18:04:09.701645,Pengiriman gerecep,H***o,18,2
230.000,100.0,21.0,8,Erigo Denim Pants Eden Medium Black - Celana Panjang Denim Unisex - 28,5.0,5.0,2024-09-17 18:04:09.701649,Puas banget. Super rekomen!,B***n,27,4
230.000,100.0,21.0,8,Erigo Denim Pants Eden Medium Black - Celana Panjang Denim Unisex - 28,5.0,5.0,2025-07-16 18:04:09.701653,Strait,U***o,6,1
154.000,50.0,16.0,7,Erigo Chino Pants Flexi Fit Vincenzo Navy - Celana Panjang Chino Unisex - 30,5.0,4.9,2025-03-29 18:04:09.701657,"bahan bagus,tebal,pengiriman cepat,mantapp",X***b,42,3
154.000,50.0,15.0,7,Erigo Chino Pants Flexi Fit Vincenzo Navy - Celana Panjang Chino Unisex - 30,5.0,4.9,2024-12-25 18:04:09.701662,Top,U***q,3,1
154.000,50.0,15.0,7,Erigo Chino Pants Flexi Fit Vincenzo Navy - Celana Panjang Chino Unisex - 30,5.0,4.9,2024-09-30 18:04:09.701666,"Sejauh ini Erigo tidak pernah mengecewakan, thanks Erigo",V***b,56,8
154.000,50.0,19.0,7,Erigo Chino Pants Flexi Fit Vincenzo Navy - Celana Panjang Chino Unisex - 30,5.0,4.9,2024-12-19 18:04:09.701670,Product quality: bagus,V***q,22,3
154.000,50.0,12.0,7,Erigo Chino Pants Flexi Fit Vincenzo Navy - Celana Panjang Chino Unisex - 30,5.0,4.9,2024-10-31 18:04:09.701675,Bagus sudah 3x beli disini,P***b,26,5
154.000,50.0,20.0,7,Erigo Chino Pants Flexi Fit Vincenzo Navy - Celana Panjang Chino Unisex - 30,5.0,4.9,2024-07-30 18:04:09.701679,bagus,N***y,5,1
154.000,50.0,3.0,7,Erigo Chino Pants Flexi Fit Vincenzo Navy - Celana Panjang Chino Unisex - 30,5.0,4.9,2025-05-08 18:04:09.701684,Mantul selalu berlangganan,Q***h,26,3
154.000,50.0,5.0,7,Erigo Chino Pants Flexi Fit Vincenzo Navy - Celana Panjang Chino Unisex - 30,5.0,4.9,2025-04-13 18:04:09.701688,Mantap,a***9,6,1
154.000,50.0,19.0,7,Erigo Chino Pants Flexi Fit Vincenzo Navy - Celana Panjang Chino Unisex - 30,5.0,4.9,2025-01-29 18:04:09.701692,Ok,A***y,2,1
154.000,50.0,7.0,7,Erigo Chino Pants Flexi Fit Vincenzo Navy - Celana Panjang Chino Unisex - 30,5.0,4.9,2025-05-12 18:04:09.701697,Bgus,W***l,4,1
84.000,50.0,9.0,1,Erigo T-Shirt Azera Khaki - Kaos Unisex - M,5.0,4.9,2024-09-15 18:04:09.701702,Kualitas produk: bagus,T***S,22,3
84.000,50.0,7.0,1,Erigo T-Shirt Azera Khaki - Kaos Unisex - M,5.0,4.9,2024-08-13 18:04:09.701706,good,e***y,4,1
84.000,50.0,18.0,1,Erigo T-Shirt Azera Khaki - Kaos Unisex - M,5.0,4.9,2024-10-08 18:04:09.701711,Bagus,U***t,5,1
84.000,50.0,4.0,1,Erigo T-Shirt Azera Khaki - Kaos Unisex - M,5.0,4.9,2025-04-30 18:04:09.701715,Bagus,y***o,5,1
84.000,50.0,14.0,1,Erigo T-Shirt Azera Khaki - Kaos Unisex - M,5.0,4.9,2024-12-07 18:04:09.701720,Bagus,A***i,5,1
84.000,50.0,18.0,1,Erigo T-Shirt Azera Khaki - Kaos Unisex - M,5.0,4.9,2025-06-18 18:04:09.701724,Oke,Q***f,3,1
84.000,50.0,9.0,1,Erigo T-Shirt Azera Khaki - Kaos Unisex - M,5.0,4.9,2025-05-29 18:04:09.701728,Oke,p***0,3,1
84.000,50.0,2.0,1,Erigo T-Shirt Azera Khaki - Kaos Unisex - M,5.0,4.9,2025-04-22 18:04:09.701733,Mantap,T***S,6,1
84.000,50.0,20.0,1,Erigo T-Shirt Azera Khaki - Kaos Unisex - M,5.0,4.9,2024-12-14 18:04:09.701737,ok,R***M,2,1
221.000,70.0,15.0,9,Erigo Hoodie Embro Nuno Emerald - Jaket Hoodie Unisex - S,5.0,4.9,2025-04-20 18:04:09.701741,Barang sampai dengan selamat & kualitasnya tidak diragukan,D***w,58,8
221.000,70.0,7.0,9,Erigo Hoodie Embro Nuno Emerald - Jaket Hoodie Unisex - S,5.0,4.9,2025-06-03 18:04:09.701748,"Bahan adem, ukuran pas dan cepat sampe",A***4,38,7
221.000,70.0,12.0,9,Erigo Hoodie Embro Nuno Emerald - Jaket Hoodie Unisex - S,5.0,4.9,2024-10-17 18:04:09.701753,"Bahannya bagus, sampai tepat waktu.",V***v,35,5
221.000,70.0,8.0,9,Erigo Hoodie Embro Nuno Emerald - Jaket Hoodie Unisex - S,5.0,4.9,2024-10-14 18:04:09.701757,Cocok dengan harganya,W***d,21,3
221.000,70.0,15.0,9,Erigo Hoodie Embro Nuno Emerald - Jaket Hoodie Unisex - S,5.0,4.9,2024-07-25 18:04:09.701762,Gak perlu diragukan lagi,u***3,24,4
221.000,70.0,3.0,9,Erigo Hoodie Embro Nuno Emerald - Jaket Hoodie Unisex - S,5.0,4.9,2025-06-10 18:04:09.701766,Bagus sesuai,A***u,12,2
221.000,70.0,14.0,9,Erigo Hoodie Embro Nuno Emerald - Jaket Hoodie Unisex - S,5.0,4.9,2024-10-25 18:04:09.701771,bagus,Y***u,5,1
221.000,70.0,17.0,9,Erigo Hoodie Embro Nuno Emerald - Jaket Hoodie Unisex - S,5.0,4.9,2025-03-19 18:04:09.701776,bagus,G***z,5,1
221.000,70.0,4.0,9,Erigo Hoodie Embro Nuno Emerald - Jaket Hoodie Unisex - S,5.0,4.9,2025-07-05 18:04:09.701780,K,C***u,1,1
221.000,70.0,18.0,9,Erigo Hoodie Embro Nuno Emerald - Jaket Hoodie Unisex - S,5.0,4.9,2025-04-27 18:04:09.701784,Mantaap erigooo,E***f,15,2
84.000,80.0,8.0,1,Erigo T-Shirt Auxi Navy - Kaos Unisex - M,5.0,4.7,2024-09-26 18:04:09.701789,"terima kasih, langganan beli kaos di sini, cepat kering kalo di cuci",G***I,68,12
84.000,80.0,4.0,1,Erigo T-Shirt Auxi Navy - Kaos Unisex - M,5.0,4.7,2025-04-05 18:04:09.701793,Bahannya bagus dan ukurannya sesuai,a***1,35,5
84.000,80.0,2.0,1,Erigo T-Shirt Auxi Navy - Kaos Unisex - M,5.0,4.7,2025-02-23 18:04:09.701797,bagus pas dicoba. terimakasih ya sudah dicoba dan cocok,Zulkarnaen,55,9
84.000,80.0,6.0,1,Erigo T-Shirt Auxi Navy - Kaos Unisex - M,5.0,4.7,2025-04-10 18:04:09.701802,Erigo top mantap is the best !!!,L***_,32,7
84.000,80.0,10.0,1,Erigo T-Shirt Auxi Navy - Kaos Unisex - M,5.0,4.7,2025-06-29 18:04:09.701806,"PENJUAL TDK TELITI, BRG TDK TERKIRIM",a***s,36,6
84.000,80.0,4.0,1,Erigo T-Shirt Auxi Navy - Kaos Unisex - M,5.0,4.7,2024-08-13 18:04:09.701810,Bahan y adem,T***S,12,3
84.000,80.0,18.0,1,Erigo T-Shirt Auxi Navy - Kaos Unisex - M,5.0,4.7,2024-09-26 18:04:09.701814,Kainnya tidak setebal baju yang pernah saya order disini,y***_,56,9
84.000,80.0,12.0,1,Erigo T-Shirt Auxi Navy - Kaos Unisex - M,5.0,4.7,2024-09-26 18:04:09.701819,Adem bahannyaa,A***r,14,2
84.000,80.0,2.0,1,Erigo T-Shirt Auxi Navy - Kaos Unisex - M,5.0,4.7,2024-09-22 18:04:09.701823,Kualitas produk: keren,T***S,22,3
84.000,80.0,10.0,1,Erigo T-Shirt Auxi Navy - Kaos Unisex - M,5.0,4.7,2025-03-18 18:04:09.701828,Alhamdulillah paketnya sudah diterima maaf telat baru d ulas,d***a,60,9
74.000,70.0,0.0,1,Erigo T-Shirt Ring Tee Waren Cream - Kaos Unisex - L,5.0,5.0,2025-01-20 18:04:09.701832,Kualitas produk: Bagus adem,a***¬ä,27,4
74.000,70.0,0.0,1,Erigo T-Shirt Ring Tee Waren Cream - Kaos Unisex - L,5.0,5.0,2024-07-28 18:04:09.701836,"sangat memuaskan, gak nyesel beli nya ü•∞",e***¬¨,39,7
74.000,70.0,0.0,1,Erigo T-Shirt Ring Tee Waren Cream - Kaos Unisex - L,5.0,5.0,2024-11-17 18:04:09.701841,Kualitas produk: Bagus,E***a,22,3
74.000,70.0,0.0,1,Erigo T-Shirt Ring Tee Waren Cream - Kaos Unisex - L,5.0,5.0,2025-03-06 18:04:09.701845,produk sesuai deskripsi,D***e,23,3
74.000,70.0,0.0,1,Erigo T-Shirt Ring Tee Waren Cream - Kaos Unisex - L,5.0,5.0,2025-05-20 18:04:09.701849,Bahan adem,R***l,10,2
74.000,70.0,0.0,1,Erigo T-Shirt Ring Tee Waren Cream - Kaos Unisex - L,5.0,5.0,2024-07-31 18:04:09.701854,Adem,M***a,4,1
74.000,70.0,0.0,1,Erigo T-Shirt Ring Tee Waren Cream - Kaos Unisex - L,5.0,5.0,2025-04-16 18:04:09.701858,Barang nyaa bagus,u***n,17,3
74.000,70.0,0.0,1,Erigo T-Shirt Ring Tee Waren Cream - Kaos Unisex - L,5.0,5.0,2024-11-30 18:04:09.701863,GK dpt sticker,t***4,14,3
74.000,70.0,0.0,1,Erigo T-Shirt Ring Tee Waren Cream - Kaos Unisex - L,5.0,5.0,2024-11-28 18:04:09.701867,bagus sukaakk,e***h,13,2
74.000,70.0,0.0,1,Erigo T-Shirt Ring Tee Waren Cream - Kaos Unisex - L,5.0,5.0,2025-05-14 18:04:09.701872,Mantap,A***i,6,1
84.000,100.0,4.0,1,Erigo T-Shirt Stellan Khaki - Kaos Unisex - M,5.0,5.0,2025-04-08 18:04:09.701876,"bahan adem, sablon juga bagus, ukuran pas. mantap",T***a,49,8
84.000,100.0,14.0,1,Erigo T-Shirt Stellan Khaki - Kaos Unisex - M,5.0,5.0,2024-10-18 18:04:09.701880,Harga murah kualitas terjamin,T***S,29,4
84.000,100.0,16.0,1,Erigo T-Shirt Stellan Khaki - Kaos Unisex - M,5.0,5.0,2024-10-25 18:04:09.701885,Bahan ok,i***l,8,2
84.000,100.0,15.0,1,Erigo T-Shirt Stellan Khaki - Kaos Unisex - M,5.0,5.0,2024-07-28 18:04:09.701889,Gapernah gagal pokonya mhü´∞,N***i,26,4
84.000,100.0,8.0,1,Erigo T-Shirt Stellan Khaki - Kaos Unisex - M,5.0,5.0,2025-05-15 18:04:09.701893,"Bagus, sesuai",P***m,13,2
84.000,100.0,14.0,1,Erigo T-Shirt Stellan Khaki - Kaos Unisex - M,5.0,5.0,2024-12-05 18:04:09.701898,Mantap barangnya bagus,W***e,22,3
84.000,100.0,8.0,1,Erigo T-Shirt Stellan Khaki - Kaos Unisex - M,5.0,5.0,2024-11-20 18:04:09.701902,Bagus,O***v,5,1
84.000,100.0,16.0,1,Erigo T-Shirt Stellan Khaki - Kaos Unisex - M,5.0,5.0,2025-06-30 18:04:09.701906,bagus,d***a,5,1
84.000,100.0,13.0,1,Erigo T-Shirt Stellan Khaki - Kaos Unisex - M,5.0,5.0,2024-08-09 18:04:09.701910,Bagus,M***i,5,1
84.000,100.0,18.0,1,Erigo T-Shirt Stellan Khaki - Kaos Unisex - M,5.0,5.0,2025-05-11 18:04:09.701915,Sesuai dg harga nya,R***r,19,4
84.000,100.0,15.0,1,Erigo T-Shirt Salix Khaki - Kaos Unisex - M,5.0,4.8,2024-08-23 18:04:09.701919,"Pengiriman cepat 
Bahan lembut
Bangus sekali,ü•∞ü•∞",c***h,47,6
84.000,100.0,13.0,1,Erigo T-Shirt Salix Khaki - Kaos Unisex - M,5.0,4.8,2025-04-18 18:04:09.701924,Selalu bagus tapi ini lebih besar ukurannya,T***S,43,7
84.000,100.0,9.0,1,Erigo T-Shirt Salix Khaki - Kaos Unisex - M,5.0,4.8,2024-12-30 18:04:09.701928,Kualitas produk: Sangat nyaman,T***S,30,4
84.000,100.0,15.0,1,Erigo T-Shirt Salix Khaki - Kaos Unisex - M,5.0,4.8,2025-04-23 18:04:09.701932,"Akhirnya sampai, gaa lama hihi.. makasih banyak sukaaa ü´∂üèª",E****,57,9
84.000,100.0,13.0,1,Erigo T-Shirt Salix Khaki - Kaos Unisex - M,5.0,4.8,2024-11-25 18:04:09.701936,Baguss packgingnya bagus,T***S,24,3
84.000,100.0,1.0,1,Erigo T-Shirt Salix Khaki - Kaos Unisex - M,5.0,4.8,2024-09-13 18:04:09.701941,"Mantap, pengiriman cepat",j***t,24,3
84.000,100.0,7.0,1,Erigo T-Shirt Salix Khaki - Kaos Unisex - M,5.0,4.8,2024-09-25 18:04:09.701945,Barangnya oke,T***S,13,2
84.000,100.0,9.0,1,Erigo T-Shirt Salix Khaki - Kaos Unisex - M,5.0,4.8,2025-01-24 18:04:09.701950,Gak pernah kecewa,T***S,17,3
84.000,100.0,1.0,1,Erigo T-Shirt Salix Khaki - Kaos Unisex - M,5.0,4.8,2025-03-09 18:04:09.701954,Bagus,G***g,5,1
84.000,100.0,12.0,1,Erigo T-Shirt Salix Khaki - Kaos Unisex - M,5.0,4.8,2025-04-05 18:04:09.701959,Bagus,m***a,5,1
84.000,4.0,8.0,1,Erigo T-Shirt Yohn Olive - Kaos Unisex - S,5.0,4.8,2025-05-14 18:04:09.701963,"Cocok pas dibadan suamiku 
Mantap deh pokoknyaaa",T***S,48,7
84.000,4.0,11.0,1,Erigo T-Shirt Yohn Olive - Kaos Unisex - S,5.0,4.8,2024-12-09 18:04:09.701967,"Kualitas produk: jangan di tanyain lagi, BUAGUSS POLL!! pengiriman juga cepat. cuman ada cacat sedikit di bagian belakang baju.tapi tetep bagus kokü§óüëçüëç",a***k,150,22
84.000,4.0,19.0,1,Erigo T-Shirt Yohn Olive - Kaos Unisex - S,5.0,4.8,2025-03-26 18:04:09.701972,Jahitan rapi bahan juga halus adem di pakek,√£****,43,8
84.000,4.0,17.0,1,Erigo T-Shirt Yohn Olive - Kaos Unisex - S,5.0,4.8,2024-12-09 18:04:09.701976,Bahannya bagus cuma seperti lebih tipis dari yg pernah aku beli .. soalnya udh langganan jadi kerasa kalau inj kebih tipis ... & bagian tengah nya ada garis putih&#39...,T***s,169,29
84.000,4.0,8.0,1,Erigo T-Shirt Yohn Olive - Kaos Unisex - S,5.0,4.8,2025-04-09 18:04:09.701980,"Trims, barang sudah keterima, sesuai pict.. Bahannya bagus",T***S,58,8
84.000,4.0,3.0,1,Erigo T-Shirt Yohn Olive - Kaos Unisex - S,5.0,4.8,2024-07-30 18:04:09.701984,"Selalu puas beli tshirt Erigo.. dapet harga promo pula.
Bahannya gak bikin gerah, gak tebal gak tipis juga. pas pokoknya.",T***S,121,20
84.000,4.0,3.0,1,Erigo T-Shirt Yohn Olive - Kaos Unisex - S,5.0,4.8,2024-12-16 18:04:09.701989,sesuai cocok pas. tidak kebesaran tidak kekecilan. kain enak dipakai. pengiriman juga cepat. terima kasih,T***S,105,15
84.000,4.0,1.0,1,Erigo T-Shirt Yohn Olive - Kaos Unisex - S,5.0,4.8,2024-11-14 18:04:09.702001,"Kenapa ya kali ini aku pesen kaos erigo kok tipis banget bahannya, gak kaya dulu",A***5,80,15
84.000,4.0,5.0,1,Erigo T-Shirt Yohn Olive - Kaos Unisex - S,5.0,4.8,2024-10-24 18:04:09.702006,"barang sampai dengan aman, bayar pake gopay dapet cashback 10k lumayan. cuma packing cukup tipis rawan rusak",T***S,108,17
84.000,4.0,10.0,1,Erigo T-Shirt Yohn Olive - Kaos Unisex - S,5.0,4.8,2025-02-03 18:04:09.702022,Masyaallah semoga kedepanya semakin berkembang amin,√∞***¬õ,51,6
129.000,750.0,196.0,0,"Erigo Shanghai Azzam Short Sleeve Green - Kemeja Koko Lengan Pendek Unisex - M, Standar",5.0,4.9,2025-03-30 18:04:09.702028,"oke baguss sesuai bahan adem. size L besar pengiriman juga cepet sabtu sore co senin siang sudah sampai dapat hrga promo pulaa
ke empat kali co di erigoo sesuka itu semog...",T***S,173,31
129.000,750.0,196.0,0,"Erigo Shanghai Azzam Short Sleeve Green - Kemeja Koko Lengan Pendek Unisex - M, Standar",5.0,4.9,2024-07-30 18:04:09.702032,Pakat yang datang sesuai. Ukuran dan warna sesuai. Bahan halus dan nyaman.,k***n,74,12
129.000,750.0,196.0,0,"Erigo Shanghai Azzam Short Sleeve Green - Kemeja Koko Lengan Pendek Unisex - M, Standar",5.0,4.9,2025-05-12 18:04:09.702036,Mantap.pas sesuai umuran dan warna bahan halis lembut nyaman d pakai,W***g,68,11
129.000,750.0,196.0,0,"Erigo Shanghai Azzam Short Sleeve Green - Kemeja Koko Lengan Pendek Unisex - M, Standar",5.0,4.9,2025-04-29 18:04:09.702041,"bahannya adem lembut,warna nya bagus sesuai kaya di foto,sampe beli lagi",*****,72,11
129.000,750.0,196.0,0,"Erigo Shanghai Azzam Short Sleeve Green - Kemeja Koko Lengan Pendek Unisex - M, Standar",5.0,4.9,2024-07-31 18:04:09.702045,"Bjunya mntap bnget bhannya bgus sesuai dengan pesanan tdk mngecewakan,‚ò∫‚ò∫",D***i,72,10
129.000,750.0,196.0,0,"Erigo Shanghai Azzam Short Sleeve Green - Kemeja Koko Lengan Pendek Unisex - M, Standar",5.0,4.9,2025-03-02 18:04:09.702050,bagus bgt bahan nya adem sesuai warna top,C***a,41,8
129.000,750.0,196.0,0,"Erigo Shanghai Azzam Short Sleeve Green - Kemeja Koko Lengan Pendek Unisex - M, Standar",5.0,4.9,2025-06-20 18:04:09.702054,"Tiba dengan aman, bahannya halus dan ukuram pas, pengiriman juga cepat sampai terimksh seller",T***S,93,14
129.000,750.0,196.0,0,"Erigo Shanghai Azzam Short Sleeve Green - Kemeja Koko Lengan Pendek Unisex - M, Standar",5.0,4.9,2025-02-18 18:04:09.702058,bagus banget bahannya dan modelnya jg top bgt sih keren abis,.****,60,11
129.000,750.0,196.0,0,"Erigo Shanghai Azzam Short Sleeve Green - Kemeja Koko Lengan Pendek Unisex - M, Standar",5.0,4.9,2025-04-07 18:04:09.702063,"Kualitas produk: Baik, sangat cocok dan kekinian",T***S,48,7
129.000,750.0,196.0,0,"Erigo Shanghai Azzam Short Sleeve Green - Kemeja Koko Lengan Pendek Unisex - M, Standar",5.0,4.9,2024-08-23 18:04:09.702067,"Baju koko nya bagus, bahannya adem, pas di suami saya",S***a,53,10
154.000,70.0,14.0,7,Erigo Chino Pants Flexi Fit Valery Grey - Celana Panjang Chino Unisex - 28,5.0,5.0,2025-03-06 18:04:09.702080,"kualitas Erigo, sudah langganan bbrp kali beli produknya, mantap, model cakep dan pas ukurannya üëçüëçüëç",A***a,99,15
154.000,70.0,14.0,7,Erigo Chino Pants Flexi Fit Valery Grey - Celana Panjang Chino Unisex - 28,5.0,5.0,2025-07-12 18:04:09.702085,Kualitas ok,N***b,11,2
154.000,70.0,14.0,7,Erigo Chino Pants Flexi Fit Valery Grey - Celana Panjang Chino Unisex - 28,5.0,5.0,2024-09-01 18:04:09.702089,Bagus banget,N***m,12,2
154.000,70.0,14.0,7,Erigo Chino Pants Flexi Fit Valery Grey - Celana Panjang Chino Unisex - 28,5.0,5.0,2024-11-30 18:04:09.702094,Cocok,F***r,5,1
154.000,70.0,14.0,7,Erigo Chino Pants Flexi Fit Valery Grey - Celana Panjang Chino Unisex - 28,5.0,5.0,2025-02-07 18:04:09.702098,Bagus udah 3x beli disini,K***y,25,5
154.000,70.0,14.0,7,Erigo Chino Pants Flexi Fit Valery Grey - Celana Panjang Chino Unisex - 28,5.0,5.0,2025-02-19 18:04:09.702102,Sesuai,P***j,6,1
154.000,70.0,14.0,7,Erigo Chino Pants Flexi Fit Valery Grey - Celana Panjang Chino Unisex - 28,5.0,5.0,2025-03-28 18:04:09.702106,Hehe,P***j,4,1
154.000,70.0,14.0,7,Erigo Chino Pants Flexi Fit Valery Grey - Celana Panjang Chino Unisex - 28,5.0,5.0,2024-08-20 18:04:09.702111,Mantap,F***v,6,1
154.000,70.0,14.0,7,Erigo Chino Pants Flexi Fit Valery Grey - Celana Panjang Chino Unisex - 28,5.0,5.0,2025-01-22 18:04:09.702115,Mantap,I***v,6,1
154.000,70.0,14.0,7,Erigo Chino Pants Flexi Fit Valery Grey - Celana Panjang Chino Unisex - 28,5.0,5.0,2024-08-24 18:04:09.702119,Kereen,K***u,6,1
154.000,100.0,30.0,7,Erigo Chino Pants Flexi Fit Vasco Black - Celana Panjang Chino Unisex - 30,5.0,5.0,2024-10-14 18:04:09.702124,"Bagusss, bahan tebal dan pas dapat harga promo.",X***e,47,8
154.000,100.0,30.0,7,Erigo Chino Pants Flexi Fit Vasco Black - Celana Panjang Chino Unisex - 30,5.0,5.0,2025-01-25 18:04:09.702128,"kualitas Erigo, sudah langganan bbrp kali beli produknya, mantap, model cakep dan pas ukurannya üëçüëçüëç",A***a,99,15
154.000,100.0,30.0,7,Erigo Chino Pants Flexi Fit Vasco Black - Celana Panjang Chino Unisex - 30,5.0,5.0,2025-05-21 18:04:09.702132,Keren ‚Ä¶ pengiriman cepat serta kurir yang ramah pokoknya gak nyesellah pesan disini ..,R***u,86,14
154.000,100.0,30.0,7,Erigo Chino Pants Flexi Fit Vasco Black - Celana Panjang Chino Unisex - 30,5.0,5.0,2025-04-06 18:04:09.702137,"barang cukup bagus
pengiriman cepat",V***z,35,5
154.000,100.0,30.0,7,Erigo Chino Pants Flexi Fit Vasco Black - Celana Panjang Chino Unisex - 30,5.0,5.0,2024-12-03 18:04:09.702141,Kualitas bahan bagus jaitan rapi pengiriman cepat,A***p,49,7
154.000,100.0,30.0,7,Erigo Chino Pants Flexi Fit Vasco Black - Celana Panjang Chino Unisex - 30,5.0,5.0,2024-08-11 18:04:09.702146,Bahan adem dan jahitan rapih,V***m,28,5
154.000,100.0,30.0,7,Erigo Chino Pants Flexi Fit Vasco Black - Celana Panjang Chino Unisex - 30,5.0,5.0,2025-06-04 18:04:09.702150,Harga dan spesifikasi juga beberapa ide,m***7,39,6
154.000,100.0,30.0,7,Erigo Chino Pants Flexi Fit Vasco Black - Celana Panjang Chino Unisex - 30,5.0,5.0,2024-09-29 18:04:09.702154,"Ukuraan sesuai dengan saya, thx",Q***r,31,5
154.000,100.0,30.0,7,Erigo Chino Pants Flexi Fit Vasco Black - Celana Panjang Chino Unisex - 30,5.0,5.0,2024-08-16 18:04:09.702159,Barangnya bagus,T***b,15,2
154.000,100.0,30.0,7,Erigo Chino Pants Flexi Fit Vasco Black - Celana Panjang Chino Unisex - 30,5.0,5.0,2024-07-21 18:04:09.702163,Sesuai,R***t,6,1
268.000,19.0,5.0,10,Erigo Parka Jacket Vadim Dark Oak - Jaket Parka Unisex - S,5.0,4.9,2024-09-14 18:04:09.702167,"Alhamdulillah barang sampai, bahannya adem enak di pakai. Terimakasih erigo",B***w,75,10
268.000,19.0,5.0,10,Erigo Parka Jacket Vadim Dark Oak - Jaket Parka Unisex - S,5.0,4.9,2025-03-27 18:04:09.702172,"bagus bahan tebal, udah gabisa diragukan lagi kualitasnya emang topüëçüèª",W***v,69,10
268.000,19.0,5.0,10,Erigo Parka Jacket Vadim Dark Oak - Jaket Parka Unisex - S,5.0,4.9,2025-01-22 18:04:09.702176,Barang sampai dengan sangat cepat trima ksih yah,G***t,48,8
268.000,19.0,5.0,10,Erigo Parka Jacket Vadim Dark Oak - Jaket Parka Unisex - S,5.0,4.9,2024-11-11 18:04:09.702180,mantap,U***w,6,1
268.000,19.0,5.0,10,Erigo Parka Jacket Vadim Dark Oak - Jaket Parka Unisex - S,5.0,4.9,2025-06-19 18:04:09.702185,Bagusss,I***t,7,1
208.000,100.0,7.0,5,"Erigo Relax Chino Pants Evander Light Khaky - Celana Panjang Relax Unisex - size, 30",5.0,4.4,2025-04-21 18:04:09.702193,Barang sampai sangat cepat produk ori dan nyaman dipakai,S***a,56,9
208.000,100.0,7.0,5,"Erigo Relax Chino Pants Evander Light Khaky - Celana Panjang Relax Unisex - size, 30",5.0,4.4,2025-07-19 18:04:09.702198,Wowww recommended üòçüòç pokoknya bagus,T***S,35,5
208.000,100.0,7.0,5,"Erigo Relax Chino Pants Evander Light Khaky - Celana Panjang Relax Unisex - size, 30",5.0,4.4,2024-12-20 18:04:09.702202,"hrgnya lumayan mahal, kirain kainnya tebal ternyata agak tipis, seperti kain parasut. utk warna
 celana sih bagus.",a***i,114,17
208.000,100.0,7.0,5,"Erigo Relax Chino Pants Evander Light Khaky - Celana Panjang Relax Unisex - size, 30",5.0,4.4,2025-06-09 18:04:09.702207,"namanya chino tapi, bahannya poly spandex. knapa gak bikin celana training doang. tipis banget jadinya.",mencoba,103,15
208.000,100.0,7.0,5,"Erigo Relax Chino Pants Evander Light Khaky - Celana Panjang Relax Unisex - size, 30",5.0,4.4,2025-02-22 18:04:09.702211,Kiraiin kain tebal rupanya tipisüò≠üò≠,T***S,34,5
208.000,100.0,7.0,5,"Erigo Relax Chino Pants Evander Light Khaky - Celana Panjang Relax Unisex - size, 30",5.0,4.4,2024-10-23 18:04:09.702215,"bahan bukan chinos, tidak sesuai dengan keterangan.",Andika,51,7
208.000,100.0,7.0,5,"Erigo Relax Chino Pants Evander Light Khaky - Celana Panjang Relax Unisex - size, 30",5.0,4.4,2025-05-15 18:04:09.702220,Barang bagus dan berkualitas tinggi,A***a,35,5
208.000,100.0,7.0,5,"Erigo Relax Chino Pants Evander Light Khaky - Celana Panjang Relax Unisex - size, 30",5.0,4.4,2025-01-04 18:04:09.702224,terlalu kecil atau sempit celananya,R***n,35,5
208.000,100.0,7.0,5,"Erigo Relax Chino Pants Evander Light Khaky - Celana Panjang Relax Unisex - size, 30",5.0,4.4,2025-01-11 18:04:09.702229,erigo memang tidak diragukan lagi mantap,M***d,40,6
208.000,100.0,7.0,5,"Erigo Relax Chino Pants Evander Light Khaky - Celana Panjang Relax Unisex - size, 30",5.0,4.4,2025-02-09 18:04:09.702233,Tipis bahannya,c***2,14,2
52.000,100.0,9.0,1,Erigo T-Shirt Embro Vedad Navy - Kaos Unisex - S,5.0,4.7,2025-05-21 18:04:09.702241,"baguss banget, bahan adem juga kayanya, dan sesuai pesanan, pas juga buat tb 160an BB 54, enak buat daily ‚ù§Ô∏èüëçüèªüëçüèªüëçüèªüëçüèª",P***u,116,20
52.000,100.0,8.0,1,Erigo T-Shirt Embro Vedad Navy - Kaos Unisex - S,5.0,4.7,2024-08-11 18:04:09.702245,Kainnya halus tapi dipake agak gerah,M***w,36,6
52.000,100.0,12.0,1,Erigo T-Shirt Embro Vedad Navy - Kaos Unisex - S,5.0,4.7,2025-06-05 18:04:09.702250,Kualitas produk: Bagus sesuai dengan harganya,T***m,45,6
52.000,100.0,2.0,1,Erigo T-Shirt Embro Vedad Navy - Kaos Unisex - S,5.0,4.7,2024-10-24 18:04:09.702254,"Ukuran pas, bahan lumayan",Y***e,25,4
52.000,100.0,1.0,1,Erigo T-Shirt Embro Vedad Navy - Kaos Unisex - S,5.0,4.7,2025-02-28 18:04:09.702258,"Sudah di terima paket nya
Terima kasih",B***y,38,7
52.000,100.0,16.0,1,Erigo T-Shirt Embro Vedad Navy - Kaos Unisex - S,5.0,4.7,2024-09-24 18:04:09.702263,Kalo kaosnya pas sesuai size,P***r,28,5
52.000,100.0,5.0,1,Erigo T-Shirt Embro Vedad Navy - Kaos Unisex - S,5.0,4.7,2025-05-18 18:04:09.702267,Belinya ukuran M di kirimnya XXL,A***m,32,6
52.000,100.0,3.0,1,Erigo T-Shirt Embro Vedad Navy - Kaos Unisex - S,5.0,4.7,2025-06-21 18:04:09.702271,Keren g pernah nyesel kalo beli,X***c,31,6
52.000,100.0,12.0,1,Erigo T-Shirt Embro Vedad Navy - Kaos Unisex - S,5.0,4.7,2025-04-07 18:04:09.702276,Seperti biasa selalu bagus,W***f,26,4
52.000,100.0,8.0,1,Erigo T-Shirt Embro Vedad Navy - Kaos Unisex - S,5.0,4.7,2025-03-01 18:04:09.702280,Kaos erigp tertipis yg pernah sy beli,W***d,37,7
208.000,100.0,3.0,5,"Erigo Relax Chino Pants Evgeni Oyster Grey - Celana Panjang Relax Unisex - size, 28",5.0,4.8,2024-12-01 18:04:09.702284,"sudah sampai dengan baik dan aman. untuk kualitas celana bagus, tapi ada kurang teliti diwarna., dikirim dengan warna kembar/sama. lain kali lebih teliti., atau kalau mem...",Taufik,173,26
208.000,100.0,1.0,5,"Erigo Relax Chino Pants Evgeni Oyster Grey - Celana Panjang Relax Unisex - size, 28",5.0,4.8,2025-03-05 18:04:09.702289,"Kualitas produk: Nyaman,lembut sesuai warna nya",H***6,47,6
208.000,100.0,3.0,5,"Erigo Relax Chino Pants Evgeni Oyster Grey - Celana Panjang Relax Unisex - size, 28",5.0,4.8,2024-08-25 18:04:09.702293,"Bagus
Bahan nya jg ok melar jg
Ga pernah kecewa sama erigo bagus2 ga pernah gagal beli apapun di erigo",T***S,102,20
208.000,100.0,5.0,5,"Erigo Relax Chino Pants Evgeni Oyster Grey - Celana Panjang Relax Unisex - size, 28",5.0,4.8,2025-05-07 18:04:09.702297,Bagus tapi tipis banget gak ngerti lagiii,T***S,41,7
208.000,100.0,15.0,5,"Erigo Relax Chino Pants Evgeni Oyster Grey - Celana Panjang Relax Unisex - size, 28",5.0,4.8,2024-10-16 18:04:09.702302,"Celana nya kain nya tifus, mungkin ak ga teliti baca diskripsi kali ya",k***5,70,13
208.000,100.0,14.0,5,"Erigo Relax Chino Pants Evgeni Oyster Grey - Celana Panjang Relax Unisex - size, 28",5.0,4.8,2025-03-02 18:04:09.702306,"Bahan celana teryta semi parasut
Kadi",T***S,37,6
208.000,100.0,3.0,5,"Erigo Relax Chino Pants Evgeni Oyster Grey - Celana Panjang Relax Unisex - size, 28",5.0,4.8,2025-01-23 18:04:09.702310,lumayan baik barangnya,Enda,22,3
208.000,100.0,1.0,5,"Erigo Relax Chino Pants Evgeni Oyster Grey - Celana Panjang Relax Unisex - size, 28",5.0,4.8,2025-02-02 18:04:09.702315,p,B***E,1,1
208.000,100.0,5.0,5,"Erigo Relax Chino Pants Evgeni Oyster Grey - Celana Panjang Relax Unisex - size, 28",5.0,4.8,2024-10-04 18:04:09.702319,Bagus,A***n,5,1
208.000,100.0,14.0,5,"Erigo Relax Chino Pants Evgeni Oyster Grey - Celana Panjang Relax Unisex - size, 28",5.0,4.8,2025-04-19 18:04:09.702323,Baik,Q***d,4,1
74.000,50.0,7.0,1,Erigo T-Shirt Ring Tee Wazen Cream - Kaos Unisex - S,5.0,5.0,2025-01-21 18:04:09.702327,"Kualitas produk: Bagus, adem",a***¬ä,28,4
74.000,50.0,9.0,1,Erigo T-Shirt Ring Tee Wazen Cream - Kaos Unisex - S,5.0,5.0,2024-10-18 18:04:09.702332,"Emang gak salah bolak balik blanja di store erigo,,pengiriman sangattt cepat",D***a,76,11
74.000,50.0,15.0,1,Erigo T-Shirt Ring Tee Wazen Cream - Kaos Unisex - S,5.0,5.0,2024-10-26 18:04:09.702337,baguss udh beli kesekian kalinya baju di erigo,t***i,46,8
74.000,50.0,15.0,1,Erigo T-Shirt Ring Tee Wazen Cream - Kaos Unisex - S,5.0,5.0,2024-12-09 18:04:09.702341,Ok mantap 30s,T***S,13,3
74.000,50.0,10.0,1,Erigo T-Shirt Ring Tee Wazen Cream - Kaos Unisex - S,5.0,5.0,2024-09-18 18:04:09.702345,,Zamal,0,0
74.000,50.0,13.0,1,Erigo T-Shirt Ring Tee Wazen Cream - Kaos Unisex - S,5.0,5.0,2024-12-17 18:04:09.702350,,Reza,0,0
74.000,50.0,19.0,1,Erigo T-Shirt Ring Tee Wazen Cream - Kaos Unisex - S,5.0,5.0,2025-01-22 18:04:09.702354,Bgus,√∞***-,4,1
74.000,50.0,7.0,1,Erigo T-Shirt Ring Tee Wazen Cream - Kaos Unisex - S,5.0,5.0,2024-09-24 18:04:09.702358,Barang oke,r***8,10,2
74.000,50.0,17.0,1,Erigo T-Shirt Ring Tee Wazen Cream - Kaos Unisex - S,5.0,5.0,2024-09-13 18:04:09.702363,Bagus kainnya lembut,T***S,20,3
74.000,50.0,20.0,1,Erigo T-Shirt Ring Tee Wazen Cream - Kaos Unisex - S,5.0,5.0,2025-06-30 18:04:09.702367,Oke,T***S,3,1
84.000,15.0,5.0,1,Erigo T-Shirt Adler Khaki - Kaos Unisex - M,5.0,5.0,2025-07-04 18:04:09.702376,Ok banget,R***8,9,2
84.000,90.0,7.0,1,Erigo T-Shirt Skye Black - Kaos Unisex - M,5.0,4.7,2025-02-04 18:04:09.702380,"Bahan lembut , nyaman di pakenya",Dinar,32,6
84.000,90.0,13.0,1,Erigo T-Shirt Skye Black - Kaos Unisex - M,5.0,4.7,2024-10-26 18:04:09.702385,Product quality: Good,e***_,21,3
84.000,90.0,15.0,1,Erigo T-Shirt Skye Black - Kaos Unisex - M,5.0,4.7,2025-03-02 18:04:09.702389,bagus,Q***n,5,1
84.000,90.0,11.0,1,Erigo T-Shirt Skye Black - Kaos Unisex - M,5.0,4.7,2025-06-20 18:04:09.702393,Bagus,M***I,5,1
84.000,90.0,4.0,1,Erigo T-Shirt Skye Black - Kaos Unisex - M,5.0,4.7,2025-03-10 18:04:09.702398,Bagus,√∞***¬è,5,1
84.000,90.0,13.0,1,Erigo T-Shirt Skye Black - Kaos Unisex - M,5.0,4.7,2025-02-17 18:04:09.702402,Mantap,R***3,6,1
84.000,90.0,7.0,1,Erigo T-Shirt Skye Black - Kaos Unisex - M,5.0,4.7,2025-06-18 18:04:09.702406,Good,J***r,4,1
84.000,90.0,19.0,1,Erigo T-Shirt Skye Black - Kaos Unisex - M,5.0,4.7,2024-09-18 18:04:09.702410,Tak sesuai,K***i,10,2
84.000,90.0,2.0,1,Erigo T-Shirt Skye Black - Kaos Unisex - M,5.0,4.7,2025-04-15 18:04:09.702415,Ye,m***d,2,1
84.000,90.0,10.0,1,Erigo T-Shirt Skye Black - Kaos Unisex - M,5.0,4.7,2025-05-10 18:04:09.702419,Bagusss,T***S,7,1
52.000,70.0,13.0,1,Erigo T-Shirt Contrast Stitch Veerman Maroon - Kaos Unisex - S,5.0,4.5,2025-02-17 18:04:09.702423,Bahannya tipis bgt kaya baju pasar malam yg 15 rb kaya bahan kaki jg kaya saringan kelapa,F***w,89,17
52.000,70.0,6.0,1,Erigo T-Shirt Contrast Stitch Veerman Maroon - Kaos Unisex - S,5.0,4.5,2024-12-16 18:04:09.702428,Kualitas produk: üëçüëçüëçüëçüëç,V***z,22,3
52.000,70.0,12.0,1,Erigo T-Shirt Contrast Stitch Veerman Maroon - Kaos Unisex - S,5.0,4.5,2024-12-07 18:04:09.702432,Bagus,F***y,5,1
52.000,70.0,12.0,1,Erigo T-Shirt Contrast Stitch Veerman Maroon - Kaos Unisex - S,5.0,4.5,2024-07-20 18:04:09.702437,Bagus,X***a,5,1
52.000,70.0,20.0,1,Erigo T-Shirt Contrast Stitch Veerman Maroon - Kaos Unisex - S,5.0,4.5,2024-10-06 18:04:09.702441,Oke,V***q,3,1
52.000,70.0,11.0,1,Erigo T-Shirt Contrast Stitch Veerman Maroon - Kaos Unisex - S,5.0,4.5,2024-09-26 18:04:09.702446,Lumayan bagus dgn harga segtu,J***a,29,5
52.000,70.0,7.0,1,Erigo T-Shirt Contrast Stitch Veerman Maroon - Kaos Unisex - S,5.0,4.5,2025-04-04 18:04:09.702450,Baik,O***x,4,1
52.000,70.0,1.0,1,Erigo T-Shirt Contrast Stitch Veerman Maroon - Kaos Unisex - S,5.0,4.5,2025-02-18 18:04:09.702455,Good,P***h,4,1
52.000,70.0,1.0,1,Erigo T-Shirt Contrast Stitch Veerman Maroon - Kaos Unisex - S,5.0,4.5,2024-07-31 18:04:09.702459,Good,F***t,4,1
52.000,70.0,20.0,1,Erigo T-Shirt Contrast Stitch Veerman Maroon - Kaos Unisex - S,5.0,4.5,2024-08-09 18:04:09.702463,bgs,D***m,3,1
208.000,70.0,8.0,5,"Erigo Relax Chino Pants Eldon Pebble - Celana Panjang Relax Unisex - size, 28",5.0,4.8,2024-08-14 18:04:09.702468,"Produk sudah diterima dengan baik , bahannya tipis mirip kain parasut",M,69,11
208.000,70.0,8.0,5,"Erigo Relax Chino Pants Eldon Pebble - Celana Panjang Relax Unisex - size, 28",5.0,4.8,2025-03-25 18:04:09.702472,"Kualitas produk: Ok pokonya order terus
üëçüëçüëçüëç‚úå‚úåüëçüëçüëçüëç",T***S,50,7
208.000,70.0,8.0,5,"Erigo Relax Chino Pants Eldon Pebble - Celana Panjang Relax Unisex - size, 28",5.0,4.8,2024-09-17 18:04:09.702477,Tekstur Lembut Halus,A***l,20,3
208.000,70.0,8.0,5,"Erigo Relax Chino Pants Eldon Pebble - Celana Panjang Relax Unisex - size, 28",5.0,4.8,2024-12-30 18:04:09.702481,Tipis sangat bahannya,T***S,21,3
208.000,70.0,8.0,5,"Erigo Relax Chino Pants Eldon Pebble - Celana Panjang Relax Unisex - size, 28",5.0,4.8,2025-01-19 18:04:09.702485,Bahan kurang sesuai keinginan,T***S,29,4
208.000,70.0,8.0,5,"Erigo Relax Chino Pants Eldon Pebble - Celana Panjang Relax Unisex - size, 28",5.0,4.8,2024-08-24 18:04:09.702490,Sesuai,T***S,6,1
208.000,70.0,8.0,5,"Erigo Relax Chino Pants Eldon Pebble - Celana Panjang Relax Unisex - size, 28",5.0,4.8,2025-03-25 18:04:09.702494,Baik,T***S,4,1
208.000,70.0,8.0,5,"Erigo Relax Chino Pants Eldon Pebble - Celana Panjang Relax Unisex - size, 28",5.0,4.8,2025-04-04 18:04:09.702499,.,T***S,1,1
52.000,500.0,13.0,1,"Erigo T-Shirt Embro Vashin Blue - Kaos Unisex - size, M",5.0,4.7,2025-03-11 18:04:09.702503,"Mantap, gatau yang ke berapa kali beli di erigo. Barangnya bagus, bahannya juga enak.",T***S,85,14
52.000,500.0,9.0,1,"Erigo T-Shirt Embro Vashin Blue - Kaos Unisex - size, M",5.0,4.7,2025-01-20 18:04:09.702507,"warnanya lebih gelap hampir kyk navy, tapi erigo emng ga pernah mengecewakan kalau soal bahan kainnya .. baguss bangettt ..",a***u,123,20
52.000,500.0,3.0,1,"Erigo T-Shirt Embro Vashin Blue - Kaos Unisex - size, M",5.0,4.7,2024-08-23 18:04:09.702512,"Baru kali ini kecewa beli erigo. 

Tipis, jahitan gak rapi, banyak benang belum putus

Kecewa kali",M***i,98,16
52.000,500.0,7.0,1,"Erigo T-Shirt Embro Vashin Blue - Kaos Unisex - size, M",5.0,4.7,2024-09-21 18:04:09.702516,mantap seperri biasanya produj dari srigo,Richard,41,6
52.000,500.0,6.0,1,"Erigo T-Shirt Embro Vashin Blue - Kaos Unisex - size, M",5.0,4.7,2025-04-28 18:04:09.702521,"Bahan tipis, kepanjangan dikit, tapi ok lah lumayan üëç",A****,53,9
52.000,500.0,8.0,1,"Erigo T-Shirt Embro Vashin Blue - Kaos Unisex - size, M",5.0,4.7,2025-04-16 18:04:09.702525,"bagus, kualitasnya juga oke pengiriman cepat",D***_,44,6
52.000,500.0,9.0,1,"Erigo T-Shirt Embro Vashin Blue - Kaos Unisex - size, M",5.0,4.7,2025-03-21 18:04:09.702529,Jahitan kurang rapih,T***S,20,3
52.000,500.0,5.0,1,"Erigo T-Shirt Embro Vashin Blue - Kaos Unisex - size, M",5.0,4.7,2025-01-21 18:04:09.702534,bagus murah bahannya juga enak pollll mantaplah erigo,T***S,53,8
52.000,500.0,1.0,1,"Erigo T-Shirt Embro Vashin Blue - Kaos Unisex - size, M",5.0,4.7,2024-08-13 18:04:09.702538,Sedikit kecewa saya beli 1 item 1 cream 1 biru ini malah 2 item soalnya jumat pake baju biru,L***i,92,19
52.000,500.0,19.0,1,"Erigo T-Shirt Embro Vashin Blue - Kaos Unisex - size, M",5.0,4.7,2025-06-01 18:04:09.702542,Bagus semua sesuai yang kuharapkan modelnya dan kain..,R***n,54,8
148.000,100.0,10.0,0,"Erigo Shanghai Long Sleeve Basic Fadhlan Olive - Kemeja Koko Lengan Panjang Unisex - M, Standar",5.0,4.9,2024-09-27 18:04:09.702547,"sederhana serta bagus, nyaman dan sesuai.",T***n,41,6
148.000,100.0,12.0,0,"Erigo Shanghai Long Sleeve Basic Fadhlan Olive - Kemeja Koko Lengan Panjang Unisex - M, Standar",5.0,4.9,2024-10-24 18:04:09.702551,Bagus keren bahan tebel ga tipis ngga adem dipkenya pokonya bagus rapih jahitannya,T***S,82,13
148.000,100.0,15.0,0,"Erigo Shanghai Long Sleeve Basic Fadhlan Olive - Kemeja Koko Lengan Panjang Unisex - M, Standar",5.0,4.9,2025-03-10 18:04:09.702556,"Bagus barang nya, cma perut saya agak buncit jadi agak sikit kekecilan",p***_,70,12
148.000,100.0,9.0,0,"Erigo Shanghai Long Sleeve Basic Fadhlan Olive - Kemeja Koko Lengan Panjang Unisex - M, Standar",5.0,4.9,2024-07-27 18:04:09.702560,"Bagus 
Sesuai sama ukuran danwarna
Kualitas produk: Good",T***S,56,8
148.000,100.0,20.0,0,"Erigo Shanghai Long Sleeve Basic Fadhlan Olive - Kemeja Koko Lengan Panjang Unisex - M, Standar",5.0,4.9,2025-03-18 18:04:09.702564,Bagus banget cuma telat dateng dipengiriman dan gak bisa pake pas lebaranüòÅ,D***i,74,12
148.000,100.0,17.0,0,"Erigo Shanghai Long Sleeve Basic Fadhlan Olive - Kemeja Koko Lengan Panjang Unisex - M, Standar",5.0,4.9,2025-03-11 18:04:09.702569,Cocok dan pas untuk orang yang biasa beli baju ukuran L,K***d,55,11
148.000,100.0,17.0,0,"Erigo Shanghai Long Sleeve Basic Fadhlan Olive - Kemeja Koko Lengan Panjang Unisex - M, Standar",5.0,4.9,2025-02-25 18:04:09.702573,"Bagus bahannya, adem, sdh beli yg kesekian kali. üëç",Lilis,50,9
148.000,100.0,20.0,0,"Erigo Shanghai Long Sleeve Basic Fadhlan Olive - Kemeja Koko Lengan Panjang Unisex - M, Standar",5.0,4.9,2025-07-02 18:04:09.702577,cocok buat sholat dan ngantor,A***o,29,5
148.000,100.0,12.0,0,"Erigo Shanghai Long Sleeve Basic Fadhlan Olive - Kemeja Koko Lengan Panjang Unisex - M, Standar",5.0,4.9,2025-06-12 18:04:09.702582,"Barang yg datang tidak sesuai pesanan, kukira yg warna army taunya ijo gonjreng,, kecewa  sumpah",b***n,96,15
148.000,100.0,7.0,0,"Erigo Shanghai Long Sleeve Basic Fadhlan Olive - Kemeja Koko Lengan Panjang Unisex - M, Standar",5.0,4.9,2024-12-28 18:04:09.702586,Mantap,K***L,6,1
65.000,100.0,2.0,1,"Erigo T-Shirt Basic Light Color - Boliver Pale, S",5.0,4.8,2025-05-02 18:04:09.702590,Bahan bagus banget jahitan jelek banget,r***d,39,6
65.000,100.0,3.0,1,"Erigo T-Shirt Basic Light Color - Boliver Pale, S",5.0,4.8,2025-04-12 18:04:09.702595,Jelek beda kayak dulu,O***g,21,4
65.000,100.0,17.0,1,"Erigo T-Shirt Basic Light Color - Boliver Pale, S",5.0,4.8,2025-06-09 18:04:09.702599,Kualitas produk: ‚òùüèº‚òùüèº‚òùüèº‚òùüèº‚òùüèº‚òùüèº‚òùüèº‚òùüèº‚òùüèº‚òùüèº‚òùüèº‚òùüèº,T***S,41,3
65.000,100.0,5.0,1,"Erigo T-Shirt Basic Light Color - Boliver Pale, S",5.0,4.8,2025-06-29 18:04:09.702603,"Selalu langganan
Kualitas produk: Bagus",I****,39,5
65.000,100.0,17.0,1,"Erigo T-Shirt Basic Light Color - Boliver Pale, S",5.0,4.8,2025-01-21 18:04:09.702608,Gokil pengiriman nya sehari doang,T***S,33,5
65.000,100.0,17.0,1,"Erigo T-Shirt Basic Light Color - Boliver Pale, S",5.0,4.8,2025-02-07 18:04:09.702612,Udah dari dlu langganan di eriogo.mantap pol,T***S,44,7
65.000,100.0,17.0,1,"Erigo T-Shirt Basic Light Color - Boliver Pale, S",5.0,4.8,2025-02-10 18:04:09.702616,Keren dan oke,U***b,13,3
65.000,100.0,2.0,1,"Erigo T-Shirt Basic Light Color - Boliver Pale, S",5.0,4.8,2025-02-11 18:04:09.702621,Bagus bangettttt udah 3 kli orderrüòçüòç,u***1,36,6
65.000,100.0,2.0,1,"Erigo T-Shirt Basic Light Color - Boliver Pale, S",5.0,4.8,2024-09-13 18:04:09.702625,Bajunya cocok bahan bagus,t***1,25,4
65.000,100.0,5.0,1,"Erigo T-Shirt Basic Light Color - Boliver Pale, S",5.0,4.8,2025-06-27 18:04:09.702629,Kualitas produk: Cakep,s***6,22,3
208.000,60.0,1.0,5,"Erigo Relax Chino Pants Erven Olive - Celana Panjang Relax Unisex - size, 28",5.0,4.7,2024-07-21 18:04:09.702634,"sudah sampai dengan baik dan aman. untuk kualitas celana bagus, tapi ada kurang teliti diwarna., dikirim dengan warna kembar/sama. lain kali lebih teliti., atau kalau mem...",Taufik,173,26
208.000,60.0,1.0,5,"Erigo Relax Chino Pants Erven Olive - Celana Panjang Relax Unisex - size, 28",5.0,4.7,2025-03-31 18:04:09.702638,"pesanan telah sampai dengan aman dan baik, produk barunya keren dan mantap, dipakai nyaman, packing aman, kurir juga cepat. terima kasih",D***n,136,21
208.000,60.0,19.0,5,"Erigo Relax Chino Pants Erven Olive - Celana Panjang Relax Unisex - size, 28",5.0,4.7,2025-05-19 18:04:09.702643,bagus banget,s***a,12,2
208.000,60.0,2.0,5,"Erigo Relax Chino Pants Erven Olive - Celana Panjang Relax Unisex - size, 28",5.0,4.7,2024-09-28 18:04:09.702647,The best,T***S,8,2
208.000,60.0,12.0,5,"Erigo Relax Chino Pants Erven Olive - Celana Panjang Relax Unisex - size, 28",5.0,4.7,2025-03-15 18:04:09.702652,bagus,Y***f,5,1
208.000,60.0,6.0,5,"Erigo Relax Chino Pants Erven Olive - Celana Panjang Relax Unisex - size, 28",5.0,4.7,2025-04-06 18:04:09.702656,Bagus,P***n,5,1
208.000,60.0,4.0,5,"Erigo Relax Chino Pants Erven Olive - Celana Panjang Relax Unisex - size, 28",5.0,4.7,2025-04-10 18:04:09.702660,Bagus,T***S,5,1
208.000,60.0,11.0,5,"Erigo Relax Chino Pants Erven Olive - Celana Panjang Relax Unisex - size, 28",5.0,4.7,2025-05-27 18:04:09.702664,Bagus muantapp,D***E,14,2
208.000,60.0,17.0,5,"Erigo Relax Chino Pants Erven Olive - Celana Panjang Relax Unisex - size, 28",5.0,4.7,2025-01-30 18:04:09.702668,Ok,T***S,2,1
208.000,60.0,6.0,5,"Erigo Relax Chino Pants Erven Olive - Celana Panjang Relax Unisex - size, 28",5.0,4.7,2025-01-24 18:04:09.702673,keren. next beli lagi,hor,21,4
120.000,17.0,5.0,2,Erigo Basic Long Sleeve Shirt Beran Light Blue - Kemeja Lengan Panjang Oxford Unisex - M,5.0,5.0,2025-05-24 18:04:09.702677,Memuaskan,M***e,9,1
120.000,17.0,20.0,2,Erigo Basic Long Sleeve Shirt Beran Light Blue - Kemeja Lengan Panjang Oxford Unisex - M,5.0,5.0,2025-02-22 18:04:09.702681,Mantap bahanya,T***S,14,2
120.000,18.0,2.0,2,Erigo Basic Long Sleeve Shirt Blose Cream - Kemeja Lengan Panjang Oxford Unisex - M,5.0,4.7,2025-04-30 18:04:09.702686,Bagus,Y***o,5,1
120.000,18.0,6.0,2,Erigo Basic Long Sleeve Shirt Blose Cream - Kemeja Lengan Panjang Oxford Unisex - M,5.0,4.7,2025-06-06 18:04:09.702703,Bagus,W***g,5,1
138.000,4.0,11.0,1,Erigo Movease Short Sleeve Buck Sage - Kaos T-shirt Raglan Unisex - M,5.0,5.0,2025-04-15 18:04:09.702708,Ok,I***s,2,1
116.000,2.0,16.0,2,Erigo Short Shirt Gribson Navy - Kemeja Lengan Pendek Rayon Unisex - S,5.0,4.8,2025-06-05 18:04:09.702712,"Lucu banget, bahan nya jga halus. Pengiriman dan pengemasan nya cepat, makasih banyak yaa erigo‚ô•Ô∏è",N***a,97,15
116.000,2.0,16.0,2,Erigo Short Shirt Gribson Navy - Kemeja Lengan Pendek Rayon Unisex - S,5.0,4.8,2025-03-11 18:04:09.702716,"barang bagus, bahan dan cut awet dan nya rapi",u****,45,9
116.000,2.0,1.0,2,Erigo Short Shirt Gribson Navy - Kemeja Lengan Pendek Rayon Unisex - S,5.0,4.8,2025-03-24 18:04:09.702720,"Ukuran pas untuk suamikuü•∞, bahannya juga adem bangett üòçüòç
Semoga beliau sukaüòç",M***t,76,12
116.000,2.0,9.0,2,Erigo Short Shirt Gribson Navy - Kemeja Lengan Pendek Rayon Unisex - S,5.0,4.8,2025-07-11 18:04:09.702725,"Puas bngt blanja disini,produk kualitas thebest nggk kecewa",T***S,59,8
116.000,2.0,6.0,2,Erigo Short Shirt Gribson Navy - Kemeja Lengan Pendek Rayon Unisex - S,5.0,4.8,2025-05-27 18:04:09.702729,"bahannya bagus bangett dan worth it to buy , tapii pas dicek kenapa ada jaitan yg kaya gitu yaaüôÇ‚Äç‚ÜïÔ∏è",v***o,99,19
116.000,2.0,16.0,2,Erigo Short Shirt Gribson Navy - Kemeja Lengan Pendek Rayon Unisex - S,5.0,4.8,2025-03-20 18:04:09.702733,Baguss bhn ny ademüòçüòçüòç proses ny jga cepetüëçüëçüëç,m***a,44,8
116.000,2.0,3.0,2,Erigo Short Shirt Gribson Navy - Kemeja Lengan Pendek Rayon Unisex - S,5.0,4.8,2025-07-15 18:04:09.702738,"Bagus ini pembelian kedua kalinya,ahh disconya gede sangat masa iyaa dapat harga 44xxxxx bahanya adem semoga pas di badanya doi...",T***S,130,20
116.000,2.0,20.0,2,Erigo Short Shirt Gribson Navy - Kemeja Lengan Pendek Rayon Unisex - S,5.0,4.8,2024-08-21 18:04:09.702742,"Yuhu ü•≥ü•≥ kemeja nya udah datang üíÉüíÉ untuk bahan udah ya gak ush diragukan lgi, siapa yg gak tau merek erigo üëçüòçüòç kualitas sesuai dengan harga üíØ",H***6,140,27
116.000,2.0,4.0,2,Erigo Short Shirt Gribson Navy - Kemeja Lengan Pendek Rayon Unisex - S,5.0,4.8,2025-05-30 18:04:09.702748,Bahan bagus Enak banget dipake Cuma rawan kusut Perhatikan baik2 dalam merawatnya,*****,81,12
116.000,2.0,19.0,2,Erigo Short Shirt Gribson Navy - Kemeja Lengan Pendek Rayon Unisex - S,5.0,4.8,2025-03-25 18:04:09.702753,Rekomended/Cocok buat orang yg body gede yg gak sesuai berat badan dgn tinggi. Baju lebar panjang standar.,i****,106,17
221.000,250.0,3.0,9,Erigo Hoodie Embro Nelvin Black - Jaket Hoodie Unisex - L,5.0,4.9,2025-02-21 18:04:09.702757,Woww..bahan ny tebel banget..enak nie di pake k puncak..bs angettt soalnny bahan tebel plus nyaman gak bikin gatel..packing rapi pula..warna hitam ny pekat..the best dech...,T***S,173,25
221.000,250.0,19.0,9,Erigo Hoodie Embro Nelvin Black - Jaket Hoodie Unisex - L,5.0,4.9,2025-04-17 18:04:09.702761,"Barang cepat sampai,,,, tapi belum saya coba semoga ukurannya cocok dan pas",Q***w,75,12
221.000,250.0,20.0,9,Erigo Hoodie Embro Nelvin Black - Jaket Hoodie Unisex - L,5.0,4.9,2024-09-15 18:04:09.702766,Paket sudah sampe dan diterima dengan baik. Ya kualitas ngak perlu lah dargukan utk produk erigo. Cuman saya pesan L kebesaran ternyata pake size luar jadi ya ngak apalah...,t***l,173,29
221.000,250.0,7.0,9,Erigo Hoodie Embro Nelvin Black - Jaket Hoodie Unisex - L,5.0,4.9,2025-05-05 18:04:09.702770,hoodie tebal sesuai dgn harga josjis pokok e,R***i,44,8
221.000,250.0,20.0,9,Erigo Hoodie Embro Nelvin Black - Jaket Hoodie Unisex - L,5.0,4.9,2024-11-28 18:04:09.702775,"Kualitas produk: Bagus, cuman ukuran nya kegedean biasanya pake size M pass inimah kegedean",T***S,91,14
221.000,250.0,9.0,9,Erigo Hoodie Embro Nelvin Black - Jaket Hoodie Unisex - L,5.0,4.9,2024-08-31 18:04:09.702779,Kualitas produk: bahannya lembut dan bikin adem,H***t,47,7
221.000,250.0,1.0,9,Erigo Hoodie Embro Nelvin Black - Jaket Hoodie Unisex - L,5.0,4.9,2024-10-31 18:04:09.702783,"Original, Nice Lumayan Pas promo semoga awet",T***S,44,7
221.000,250.0,8.0,9,Erigo Hoodie Embro Nelvin Black - Jaket Hoodie Unisex - L,5.0,4.9,2024-12-26 18:04:09.702788,hoodie nya sangat keren dan nyaman di pake dalam keadaaan cuaca dingin,n***n,70,12
221.000,250.0,7.0,9,Erigo Hoodie Embro Nelvin Black - Jaket Hoodie Unisex - L,5.0,4.9,2024-12-06 18:04:09.702792,Maaf bru bri ulasan bru smpt buka paket brg bgus sesuai pgriman cpt,i***a,67,13
221.000,250.0,18.0,9,Erigo Hoodie Embro Nelvin Black - Jaket Hoodie Unisex - L,5.0,4.9,2025-04-13 18:04:09.702796,"Oke, layanan cepat",l***i,18,3
52.000,250.0,1.0,1,"Erigo T-Shirt Contrast Stitch Vaiasu Sage - Kaos Unisex - size, S",5.0,4.9,2025-03-29 18:04:09.702805,"Kualitas produk: Bagus, harga 30 ribu dapet kaos erigo cuyyy",N***3,60,10
52.000,250.0,11.0,1,"Erigo T-Shirt Contrast Stitch Vaiasu Sage - Kaos Unisex - size, S",5.0,4.9,2024-11-05 18:04:09.702809,"Mantap, gatau yang ke berapa kali beli di erigo. Barangnya bagus, bahannya juga enak.",T***S,85,14
52.000,250.0,18.0,1,"Erigo T-Shirt Contrast Stitch Vaiasu Sage - Kaos Unisex - size, S",5.0,4.9,2025-01-01 18:04:09.702813,"sesuai ukurannya pas, cuma benang kam¬≤an sama jait pake benang putih",H***y,68,11
52.000,250.0,10.0,1,"Erigo T-Shirt Contrast Stitch Vaiasu Sage - Kaos Unisex - size, S",5.0,4.9,2025-05-26 18:04:09.702818,"Maaf sya ksh bintang 3, gak sesuai ekspektasi sih, sekelas erigo bkin kaos kyk gni. Kyk kaos 100rb dpt 3. Dengan harga segini hrusnya dpt yg lbh bgus sih. Pdhal mau buat...",S***v,172,32
52.000,250.0,3.0,1,"Erigo T-Shirt Contrast Stitch Vaiasu Sage - Kaos Unisex - size, S",5.0,4.9,2024-08-28 18:04:09.702822,bagus dan adem tebal cocok utk harian,H***i,37,7
52.000,250.0,7.0,1,"Erigo T-Shirt Contrast Stitch Vaiasu Sage - Kaos Unisex - size, S",5.0,4.9,2024-07-22 18:04:09.702826,Bagus adem di pakai üëçüèª‚ò∫Ô∏èüëçüèª,P***h,26,5
52.000,250.0,16.0,1,"Erigo T-Shirt Contrast Stitch Vaiasu Sage - Kaos Unisex - size, S",5.0,4.9,2025-04-28 18:04:09.702831,"Harga dan kualitas sangat tidak sesuai, kualitas bagus tapi harganya di bawah kualitasnya, Masya Allah semoga amanah terus erigo",u***n,128,19
52.000,250.0,16.0,1,"Erigo T-Shirt Contrast Stitch Vaiasu Sage - Kaos Unisex - size, S",5.0,4.9,2024-10-25 18:04:09.702835,Sangat wort it kualitas memukau harga terjangkauüëçüèº,A***o,50,7
52.000,250.0,20.0,1,"Erigo T-Shirt Contrast Stitch Vaiasu Sage - Kaos Unisex - size, S",5.0,4.9,2025-07-14 18:04:09.702840,"Kaosnya bagus, jahitannya rapi dan nyaman utk dipakai sehari-hari",K***k,65,9
52.000,250.0,17.0,1,"Erigo T-Shirt Contrast Stitch Vaiasu Sage - Kaos Unisex - size, S",5.0,4.9,2025-01-01 18:04:09.702844,"Bahan bagus , baru pesen kemarin hari ini udah dtg",N***k,50,10
116.000,7.0,2.0,2,"Erigo Short Shirt Rayon Light Color - Kemeja Lengan Pendek Rayon Unisex - Lavrenti White, L",5.0,4.7,2024-10-03 18:04:09.702848,Bahan adem. Cuman bagian lengan aga panjang secuil lagi ini termantap sih. Tapi overall worth the price,T***S,103,17
116.000,7.0,1.0,2,"Erigo Short Shirt Rayon Light Color - Kemeja Lengan Pendek Rayon Unisex - Lavrenti White, L",5.0,4.7,2024-08-09 18:04:09.702853,"Baju kemeja rayon ini tidak sesuai dengan deskripsi, ukuran sangat beda jauh dengan data yang tertera, saya mau mengajukan pengembalian dana karena baju ini sangat kebesa...",t***d,173,26
116.000,7.0,16.0,2,"Erigo Short Shirt Rayon Light Color - Kemeja Lengan Pendek Rayon Unisex - Lavrenti White, L",5.0,4.7,2024-08-28 18:04:09.702857,"Beliin untuk paksu kerja, adem banget bahannya rayon premium bukan rayon abal2. Mantap bgt jd mau beliin warna lain utk ganti2 pak suüëçüèªü´∂üèª",√¢***¬°,137,23
116.000,7.0,12.0,2,"Erigo Short Shirt Rayon Light Color - Kemeja Lengan Pendek Rayon Unisex - Lavrenti White, L",5.0,4.7,2024-12-20 18:04:09.702861,"Barang bagus dan sesuai pesanan,beli gara gara liat live nya ci Shani dan FreyaüòÖ",T***S,80,14
116.000,7.0,5.0,2,"Erigo Short Shirt Rayon Light Color - Kemeja Lengan Pendek Rayon Unisex - Lavrenti White, L",5.0,4.7,2024-09-26 18:04:09.702866,"Bagus banget barangnyaüòçüòçüòçüòçüòç bahannya enggak tipis dan adem banget, jadi mau koleksi semua warna dehüòçüòçüòçüòçüòç",1***6,104,15
116.000,7.0,5.0,2,"Erigo Short Shirt Rayon Light Color - Kemeja Lengan Pendek Rayon Unisex - Lavrenti White, L",5.0,4.7,2025-02-01 18:04:09.702870,Pesan 4 item yg dtg hnya 3 item. Udh komplain dgn bukti video unboxing tp tdk bs di refund. Tdk amanah.,A***n,103,21
116.000,7.0,9.0,2,"Erigo Short Shirt Rayon Light Color - Kemeja Lengan Pendek Rayon Unisex - Lavrenti White, L",5.0,4.7,2025-04-28 18:04:09.702875,"Barang sudah diterima dengan selamat, kain adem ga nerawang, mantap recomended",L***a,78,11
116.000,7.0,9.0,2,"Erigo Short Shirt Rayon Light Color - Kemeja Lengan Pendek Rayon Unisex - Lavrenti White, L",5.0,4.7,2025-06-27 18:04:09.702879,"Bahan jatuh, ukuran pas, bisa dipakai buat kerja juga üëç semoga erigo ngeluarin model baju lain tapi pake bahan ini",*****,114,20
116.000,7.0,3.0,2,"Erigo Short Shirt Rayon Light Color - Kemeja Lengan Pendek Rayon Unisex - Lavrenti White, L",5.0,4.7,2024-12-18 18:04:09.702883,"Bagus banget, halus dan adem bahan jatuh, warna soft üëç",M***y,54,10
116.000,7.0,19.0,2,"Erigo Short Shirt Rayon Light Color - Kemeja Lengan Pendek Rayon Unisex - Lavrenti White, L",5.0,4.7,2024-11-18 18:04:09.702888,"Barang baik
Kualitas baik sekali
Pengiriman cepat pula
Dapat bonus stiker pula
Mantaplah pokoknyaüôèüèºüôèüèº
Kualitas produk: Baik",T***S,123,17
230.000,250.0,16.0,8,"Erigo Denim Pants Eaton Black Whisker - Celana Panjang Denim Unisex - Size, 30",5.0,4.9,2025-04-02 18:04:09.702892,"produk bagus, harga bagus, pengiriman lancar",R***d,44,6
230.000,250.0,16.0,8,"Erigo Denim Pants Eaton Black Whisker - Celana Panjang Denim Unisex - Size, 30",5.0,4.9,2024-07-28 18:04:09.702896,ukuran pas sesuai deskripsi. bahan jg bagus. pengiriman sesuai jadwal. Packing rapi dan aman,Bayu,92,14
230.000,250.0,3.0,8,"Erigo Denim Pants Eaton Black Whisker - Celana Panjang Denim Unisex - Size, 30",5.0,4.9,2024-08-02 18:04:09.702901,"Paket datng dalam keadaan baik seperti biasanya..
Dan sepertinya kain jadi sedikit lebih panjang dari pd denim tahun¬≤ sebelumnya dgn size yg sama

Utk kualitas saya yakin...",Aprillindo,173,27
230.000,250.0,20.0,8,"Erigo Denim Pants Eaton Black Whisker - Celana Panjang Denim Unisex - Size, 30",5.0,4.9,2024-11-12 18:04:09.702905,"sangat puas sama barang nya, untung nya ukurannya ga salag pilih

seller nya juga fast respon,",R***a,94,16
230.000,250.0,1.0,8,"Erigo Denim Pants Eaton Black Whisker - Celana Panjang Denim Unisex - Size, 30",5.0,4.9,2025-04-28 18:04:09.702910,"Sudah 2 kali beli GK mengecewakan 
Barang bagus dan gak murahan",T***S,63,11
230.000,250.0,20.0,8,"Erigo Denim Pants Eaton Black Whisker - Celana Panjang Denim Unisex - Size, 30",5.0,4.9,2024-08-12 18:04:09.702914,Good,Q***b,4,1
230.000,250.0,11.0,8,"Erigo Denim Pants Eaton Black Whisker - Celana Panjang Denim Unisex - Size, 30",5.0,4.9,2024-09-24 18:04:09.702918,"erigo ini QC mesti diperbaiki, dl beli 2 celana model sama, warna beda, bisa beda ukuran di pinggang, skrg ini panjang celana smp 115cm, yg pakai tinggi brp? nt dipotong...",B***y,172,30
230.000,250.0,17.0,8,"Erigo Denim Pants Eaton Black Whisker - Celana Panjang Denim Unisex - Size, 30",5.0,4.9,2024-12-28 18:04:09.702923,"Tp bahannya agak tipis 
Beda sama erigo yg dibeli di toko
Tp bagus kok",Z***x,70,14
230.000,250.0,8.0,8,"Erigo Denim Pants Eaton Black Whisker - Celana Panjang Denim Unisex - Size, 30",5.0,4.9,2024-11-15 18:04:09.702927,"ukurannya kebesaran, beli 3 semuanya beda cuttingan padalah size dan tipe sama",Juper,78,12
230.000,250.0,4.0,8,"Erigo Denim Pants Eaton Black Whisker - Celana Panjang Denim Unisex - Size, 30",5.0,4.9,2024-12-10 18:04:09.702931,Mantab barang nyaman di pakai pas ukuran nya trimakasih,a***3,55,9
268.000,40.0,6.0,10,Erigo Parka Jacket Vart Navy - Jaket Parka Unisex - M,5.0,5.0,2024-08-14 18:04:09.702935,Gud,W***l,3,1
268.000,40.0,8.0,10,Erigo Parka Jacket Vart Navy - Jaket Parka Unisex - M,5.0,5.0,2025-06-12 18:04:09.702940,y,K***u,1,1
268.000,40.0,20.0,10,Erigo Parka Jacket Vart Navy - Jaket Parka Unisex - M,5.0,5.0,2025-03-26 18:04:09.702944,Mantap,V***z,6,1
268.000,40.0,3.0,10,Erigo Parka Jacket Vart Navy - Jaket Parka Unisex - M,5.0,5.0,2024-08-18 18:04:09.702949,mantap,E***v,6,1
268.000,40.0,16.0,10,Erigo Parka Jacket Vart Navy - Jaket Parka Unisex - M,5.0,5.0,2025-03-27 18:04:09.702953,Good,B***d,4,1
268.000,40.0,3.0,10,Erigo Parka Jacket Vart Navy - Jaket Parka Unisex - M,5.0,5.0,2024-11-23 18:04:09.702957,Keren banget,Z***u,12,2
268.000,40.0,18.0,10,Erigo Parka Jacket Vart Navy - Jaket Parka Unisex - M,5.0,5.0,2025-01-16 18:04:09.702962,Ok,Y***n,2,1
166.000,250.0,14.0,7,Erigo Chino Short Flexi Fit Ricky Army - Celana Pendek Chino Unisex - 32,5.0,4.8,2025-03-01 18:04:09.702966,Sesuai pesanan bahan lumayan sesuai harga ukuran belom di cobain semoga muat dan cocok,T***S,86,14
166.000,250.0,18.0,7,Erigo Chino Short Flexi Fit Ricky Army - Celana Pendek Chino Unisex - 32,5.0,4.8,2025-05-19 18:04:09.702970,"Mantaapp toko ini, rekomen banget...
Packing nya joosss euuyy, kereenn laahh",T***S,76,11
166.000,250.0,2.0,7,Erigo Chino Short Flexi Fit Ricky Army - Celana Pendek Chino Unisex - 32,5.0,4.8,2025-06-01 18:04:09.702975,"Ukuran pas sesuai
Warna sesuai pesanan
Kualitas produk: Original",T***S,64,9
166.000,250.0,3.0,7,Erigo Chino Short Flexi Fit Ricky Army - Celana Pendek Chino Unisex - 32,5.0,4.8,2025-06-12 18:04:09.702979,"Beli kedua kalinya buat suami, sebagus itu bahan dan kualitasnya üëçüèª",T***S,67,11
166.000,250.0,16.0,7,Erigo Chino Short Flexi Fit Ricky Army - Celana Pendek Chino Unisex - 32,5.0,4.8,2025-04-08 18:04:09.702983,"Agak kecil dri no 28 merk lain kak
Tapi ok bngt",R***7,47,11
166.000,250.0,9.0,7,Erigo Chino Short Flexi Fit Ricky Army - Celana Pendek Chino Unisex - 32,5.0,4.8,2025-04-09 18:04:09.702987,"Bahan bagus, nyaman dipakai üôè",M****,29,5
166.000,250.0,4.0,7,Erigo Chino Short Flexi Fit Ricky Army - Celana Pendek Chino Unisex - 32,5.0,4.8,2024-09-26 18:04:09.702992,Malah dikirim yang celana panjang ü§¶‚Äç‚ôÄÔ∏èü§¶‚Äç‚ôÄÔ∏è Tapi emang bagus sih celananyaa,T***S,74,11
166.000,250.0,1.0,7,Erigo Chino Short Flexi Fit Ricky Army - Celana Pendek Chino Unisex - 32,5.0,4.8,2024-10-11 18:04:09.703003,"Bagus
Kualitas produk: Baguslah",T***S,31,4
166.000,250.0,4.0,7,Erigo Chino Short Flexi Fit Ricky Army - Celana Pendek Chino Unisex - 32,5.0,4.8,2025-05-24 18:04:09.703008,Baguss udah kali kee 9+++++ belii produkkk inii,a***u,47,8
166.000,250.0,1.0,7,Erigo Chino Short Flexi Fit Ricky Army - Celana Pendek Chino Unisex - 32,5.0,4.8,2024-11-14 18:04:09.703021,"Celana pendeknya bagus
Thanks sellerü•∞ü•∞",T***S,38,5
138.000,4.0,14.0,1,Erigo Movease Short Sleeve Blake Dark Grey - Kaos T-shirt Raglan Unisex - L,5.0,5.0,2024-09-03 18:04:09.703026,Ok,I***y,2,1
74.000,80.0,16.0,1,Erigo T-Shirt Ring Tee Windell Cream - Kaos Unisex - M,5.0,4.9,2025-06-23 18:04:09.703030,Bagus ngga pernah gagalll,R***3,25,4
74.000,80.0,20.0,1,Erigo T-Shirt Ring Tee Windell Cream - Kaos Unisex - M,5.0,4.9,2024-09-26 18:04:09.703035,"ukuran pas, warna bagus",M***d,23,4
74.000,80.0,8.0,1,Erigo T-Shirt Ring Tee Windell Cream - Kaos Unisex - M,5.0,4.9,2025-03-30 18:04:09.703039,Bagus dan mantap,T***S,16,3
74.000,80.0,7.0,1,Erigo T-Shirt Ring Tee Windell Cream - Kaos Unisex - M,5.0,4.9,2024-08-18 18:04:09.703043,Sesuai,S***y,6,1
74.000,80.0,3.0,1,Erigo T-Shirt Ring Tee Windell Cream - Kaos Unisex - M,5.0,4.9,2024-08-17 18:04:09.703048,Bagus,b***9,5,1
74.000,80.0,17.0,1,Erigo T-Shirt Ring Tee Windell Cream - Kaos Unisex - M,5.0,4.9,2025-01-30 18:04:09.703052,oke,r***¬∏,3,1
74.000,80.0,1.0,1,Erigo T-Shirt Ring Tee Windell Cream - Kaos Unisex - M,5.0,4.9,2024-12-07 18:04:09.703056,This.,B***a,5,1
74.000,80.0,16.0,1,Erigo T-Shirt Ring Tee Windell Cream - Kaos Unisex - M,5.0,4.9,2024-10-18 18:04:09.703060,Baik,M***i,4,1
74.000,80.0,12.0,1,Erigo T-Shirt Ring Tee Windell Cream - Kaos Unisex - M,5.0,4.9,2024-12-09 18:04:09.703065,Mantap,T***S,6,1
74.000,80.0,19.0,1,Erigo T-Shirt Ring Tee Windell Cream - Kaos Unisex - M,5.0,4.9,2024-08-04 18:04:09.703069,Suka,r***i,4,1
208.000,60.0,6.0,5,"Erigo Relax Chino Pants Elvin Mocca - Celana Panjang Relax Unisex - size, 28",5.0,4.5,2024-09-23 18:04:09.703078,"Produk sudah diterima dengan baik , bahannya tipis mirip kain parasut",M,69,11
208.000,60.0,6.0,5,"Erigo Relax Chino Pants Elvin Mocca - Celana Panjang Relax Unisex - size, 28",5.0,4.5,2025-06-07 18:04:09.703082,"Kualitas produk: Oke
Ini udah orderan yang kesekian pokoknya enak nyaman kata anakku üëçüëçüëçüëçüëçüëçüëçüëçüëçüëçüëçüëçüëçüëçüëçüëçüëçüëçüëçüëçüëçüëçüëçüëçüëçüëçüëç",T***S,112,14
208.000,60.0,13.0,5,"Erigo Relax Chino Pants Elvin Mocca - Celana Panjang Relax Unisex - size, 28",5.0,4.5,2024-09-17 18:04:09.703086,"Walaupun di suami kebesaran, pdhl ambil ukuran biasa, krn udh 4 x lbrn sllu belanja di erigo, tp secara keseluruhan bagus banget celananya",N***a,138,23
208.000,60.0,19.0,5,"Erigo Relax Chino Pants Elvin Mocca - Celana Panjang Relax Unisex - size, 28",5.0,4.5,2024-12-02 18:04:09.703091,Bahannya tipis banget,d***3,21,3
208.000,60.0,8.0,5,"Erigo Relax Chino Pants Elvin Mocca - Celana Panjang Relax Unisex - size, 28",5.0,4.5,2025-01-02 18:04:09.703095,"bahan bukan chinos, tidak sesuai dengan keterangan.",Andika,51,7
208.000,60.0,2.0,5,"Erigo Relax Chino Pants Elvin Mocca - Celana Panjang Relax Unisex - size, 28",5.0,4.5,2025-04-22 18:04:09.703100,Bahannya saya kira tebel...,y***8,27,4
208.000,60.0,1.0,5,"Erigo Relax Chino Pants Elvin Mocca - Celana Panjang Relax Unisex - size, 28",5.0,4.5,2025-02-16 18:04:09.703104,Bagus sesuai gambar,T***S,19,3
208.000,60.0,15.0,5,"Erigo Relax Chino Pants Elvin Mocca - Celana Panjang Relax Unisex - size, 28",5.0,4.5,2024-07-25 18:04:09.703109,Bahanya ternyata semi parasut,T***S,29,4
208.000,60.0,1.0,5,"Erigo Relax Chino Pants Elvin Mocca - Celana Panjang Relax Unisex - size, 28",5.0,4.5,2025-03-14 18:04:09.703113,Mungkin sesuai dg harga,y***8,23,4
208.000,60.0,5.0,5,"Erigo Relax Chino Pants Elvin Mocca - Celana Panjang Relax Unisex - size, 28",5.0,4.5,2025-05-23 18:04:09.703118,Kebesaran,T***S,9,1
52.000,100.0,23.0,1,"Erigo T-Shirt Contrast Stitch Vairo Emerald - Kaos Unisex - size, S",5.0,4.9,2024-11-30 18:04:09.703122,Sangat wort it kualitas memukau harga terjangkauüëçüèº,L***s,50,7
52.000,100.0,23.0,1,"Erigo T-Shirt Contrast Stitch Vairo Emerald - Kaos Unisex - size, S",5.0,4.9,2024-08-16 18:04:09.703126,Bahanny tipis kaya baju pasar malam yg 15 rb,A***r,44,9
52.000,100.0,23.0,1,"Erigo T-Shirt Contrast Stitch Vairo Emerald - Kaos Unisex - size, S",5.0,4.9,2024-07-29 18:04:09.703130,Kualitas produk: üëçüëçüëçüëçüëç,G***i,22,3
52.000,100.0,23.0,1,"Erigo T-Shirt Contrast Stitch Vairo Emerald - Kaos Unisex - size, S",5.0,4.9,2024-11-08 18:04:09.703135,"barang sudah sampai, belum dicoba, semoga pas",Yogi,45,7
52.000,100.0,23.0,1,"Erigo T-Shirt Contrast Stitch Vairo Emerald - Kaos Unisex - size, S",5.0,4.9,2025-04-07 18:04:09.703139,Bahannya halus,E***d,14,2
52.000,100.0,23.0,1,"Erigo T-Shirt Contrast Stitch Vairo Emerald - Kaos Unisex - size, S",5.0,4.9,2025-06-03 18:04:09.703143,packaging + kualitas top,T***S,24,4
52.000,100.0,23.0,1,"Erigo T-Shirt Contrast Stitch Vairo Emerald - Kaos Unisex - size, S",5.0,4.9,2024-12-12 18:04:09.703147,"Seperti biasa real Good.,_",U***u,26,4
52.000,100.0,23.0,1,"Erigo T-Shirt Contrast Stitch Vairo Emerald - Kaos Unisex - size, S",5.0,4.9,2024-10-11 18:04:09.703152,tdk diragukan lagi üôå,T***S,20,4
52.000,100.0,23.0,1,"Erigo T-Shirt Contrast Stitch Vairo Emerald - Kaos Unisex - size, S",5.0,4.9,2024-08-20 18:04:09.703156,Keren bahanny premium,√∞***¬Ü,21,3
52.000,100.0,23.0,1,"Erigo T-Shirt Contrast Stitch Vairo Emerald - Kaos Unisex - size, S",5.0,4.9,2025-07-01 18:04:09.703160,Best,A***i,4,1
230.000,90.0,16.0,8,Erigo Denim Pants Efrain Medium Bule Whisker - Celana Panjang Denim Unisex - 30,5.0,4.9,2025-03-16 18:04:09.703165,Kualitas g kalah dengan jeans branded luar. Desain ok dan nyaman dipakai,N***r,72,12
230.000,90.0,16.0,8,Erigo Denim Pants Efrain Medium Bule Whisker - Celana Panjang Denim Unisex - 30,5.0,4.9,2025-02-09 18:04:09.703169,"Emang gak pernah salah beli celana disini, gak nyesel, offline atau online store nya, udah 4x beli celana erigo, thnkss erigo",M***d,125,21
230.000,90.0,16.0,8,Erigo Denim Pants Efrain Medium Bule Whisker - Celana Panjang Denim Unisex - 30,5.0,4.9,2024-11-13 18:04:09.703173,"celananya panjang untuk aku yg tinggi 165, harus ditekuk",m***s,56,9
230.000,90.0,16.0,8,Erigo Denim Pants Efrain Medium Bule Whisker - Celana Panjang Denim Unisex - 30,5.0,4.9,2025-03-26 18:04:09.703177,"pas,sesuai,ok",T***S,13,1
230.000,90.0,16.0,8,Erigo Denim Pants Efrain Medium Bule Whisker - Celana Panjang Denim Unisex - 30,5.0,4.9,2024-10-20 18:04:09.703182,Pas dan bagusssüòçüòçüòç,A***z,18,3
230.000,90.0,16.0,8,Erigo Denim Pants Efrain Medium Bule Whisker - Celana Panjang Denim Unisex - 30,5.0,4.9,2024-12-30 18:04:09.703186,sesuai pesanan,Feby,14,2
230.000,90.0,16.0,8,Erigo Denim Pants Efrain Medium Bule Whisker - Celana Panjang Denim Unisex - 30,5.0,4.9,2024-10-04 18:04:09.703190,Kualitas produk: Bagus,d***i,22,3
230.000,90.0,16.0,8,Erigo Denim Pants Efrain Medium Bule Whisker - Celana Panjang Denim Unisex - 30,5.0,4.9,2025-04-10 18:04:09.703195,Kualitas produk: Baik,L***s,21,3
230.000,90.0,16.0,8,Erigo Denim Pants Efrain Medium Bule Whisker - Celana Panjang Denim Unisex - 30,5.0,4.9,2024-11-03 18:04:09.703199,Kualitas produk: .,C***n,18,3
230.000,90.0,16.0,8,Erigo Denim Pants Efrain Medium Bule Whisker - Celana Panjang Denim Unisex - 30,5.0,4.9,2025-01-12 18:04:09.703203,Pas bagus untuk kerja,w***_,21,4
84.000,100.0,22.0,1,Erigo T-Shirt Wesley Blue - Kaos Unisex - S,5.0,4.9,2025-02-05 18:04:09.703207,"Kualitas produk: B aja
Jaitan jelek kek gini bisa lolos QC brooo waduhhh
Tolong diketatin lagi QC nyaaa
Hargaii konsumennnn brooo",b***e,129,21
84.000,100.0,22.0,1,Erigo T-Shirt Wesley Blue - Kaos Unisex - S,5.0,4.9,2025-04-07 18:04:09.703212,Kualitas produk: Bahan adem sangat nyaman di pakainya,m***a,53,8
84.000,100.0,22.0,1,Erigo T-Shirt Wesley Blue - Kaos Unisex - S,5.0,4.9,2024-12-10 18:04:09.703216,"Sesuai ekspektasi, ukuran pas panjang baju pas, goodjob erigo",N***s,61,9
84.000,100.0,22.0,1,Erigo T-Shirt Wesley Blue - Kaos Unisex - S,5.0,4.9,2024-08-09 18:04:09.703220,Bagus gambar nya kain adem dan halus,i***3,36,7
84.000,100.0,22.0,1,Erigo T-Shirt Wesley Blue - Kaos Unisex - S,5.0,4.9,2025-05-27 18:04:09.703225,Aden,M***a,4,1
84.000,100.0,22.0,1,Erigo T-Shirt Wesley Blue - Kaos Unisex - S,5.0,4.9,2025-04-09 18:04:09.703229,Bahan bagus,K***q,11,2
84.000,100.0,22.0,1,Erigo T-Shirt Wesley Blue - Kaos Unisex - S,5.0,4.9,2024-10-07 18:04:09.703233,Kualitas produk: Baik,S***7,21,3
84.000,100.0,22.0,1,Erigo T-Shirt Wesley Blue - Kaos Unisex - S,5.0,4.9,2024-10-10 18:04:09.703237,Bagus adem,E***O,10,2
84.000,100.0,22.0,1,Erigo T-Shirt Wesley Blue - Kaos Unisex - S,5.0,4.9,2024-12-15 18:04:09.703242,good,e***y,4,1
84.000,100.0,22.0,1,Erigo T-Shirt Wesley Blue - Kaos Unisex - S,5.0,4.9,2025-04-27 18:04:09.703246,GK dapat sticker,t***4,16,3
140.000,250.0,16.0,6,Erigo Jogger Pants Flexi Fit Gean Sand - Celana Panjang Jogger Unisex - 28,5.0,4.8,2024-08-29 18:04:09.703250,"barang sampai dgn cepat dan aman,bahan tebal,warna sesuai...",T***S,60,8
140.000,250.0,19.0,6,Erigo Jogger Pants Flexi Fit Gean Sand - Celana Panjang Jogger Unisex - 28,5.0,4.8,2024-09-21 18:04:09.703254,Pengiriman cepat üëçüèª surprisingly celananya bagus banget. Dapet voucher diskon pula üëçüèª,A***a,85,12
140.000,250.0,4.0,6,Erigo Jogger Pants Flexi Fit Gean Sand - Celana Panjang Jogger Unisex - 28,5.0,4.8,2024-12-13 18:04:09.703259,Celana baru datang langsung di pake tapi sayang jahitannya kurang rapi & benang2 yg didalam sampai keluar . Next mohon QC nya di perketat lagi. Tks,A***d,147,26
140.000,250.0,3.0,6,Erigo Jogger Pants Flexi Fit Gean Sand - Celana Panjang Jogger Unisex - 28,5.0,4.8,2024-08-29 18:04:09.703263,"Kukira utk size 28 sama dgn yg joger hitam krn aku beli hitam 28 pas dipakek dewasa bb 55, trnyta yg olive ini lbh kecil dan hnya muat utk anak usia 10 tahun..utk bahan b...",T***S,173,35
140.000,250.0,17.0,6,Erigo Jogger Pants Flexi Fit Gean Sand - Celana Panjang Jogger Unisex - 28,5.0,4.8,2024-12-27 18:04:09.703268,"ukurannya cocok, pergelangan kaki terlalu kenceng",X***z,49,6
140.000,250.0,17.0,6,Erigo Jogger Pants Flexi Fit Gean Sand - Celana Panjang Jogger Unisex - 28,5.0,4.8,2024-09-21 18:04:09.703272,Sesuai pesanan dan kualitas bagus cuma harus naik satu size,T***S,59,10
140.000,250.0,12.0,6,Erigo Jogger Pants Flexi Fit Gean Sand - Celana Panjang Jogger Unisex - 28,5.0,4.8,2024-08-02 18:04:09.703276,Celana nya pas bgt gk perlu ke tukang jahit LG donk erigo emg best lah,S***a,70,15
140.000,250.0,14.0,6,Erigo Jogger Pants Flexi Fit Gean Sand - Celana Panjang Jogger Unisex - 28,5.0,4.8,2024-12-08 18:04:09.703281,Bentuk dan ukuran: üëçüëç‚òùüèºüëç‚òùüèº‚òùüèº‚òùüèºüëçüëçüëçüëçüëçüëçüëçüëçüëç,o***o,39,4
140.000,250.0,6.0,6,Erigo Jogger Pants Flexi Fit Gean Sand - Celana Panjang Jogger Unisex - 28,5.0,4.8,2025-02-16 18:04:09.703285,Bagusss semua ngga pernah gagal,R***3,31,5
140.000,250.0,3.0,6,Erigo Jogger Pants Flexi Fit Gean Sand - Celana Panjang Jogger Unisex - 28,5.0,4.8,2024-08-21 18:04:09.703289,Legging? Kayak produk gagal dari erigo..,h***y,40,6
52.000,100.0,21.0,1,Erigo T-Shirt Contrast Stitch Vikas Navy - Kaos Unisex - S,5.0,4.9,2025-05-08 18:04:09.703293,"sesuai deskripsi, bahan adem, ukiran pas banget sesuai sama size chart nya. mantapp",A***a,83,13
52.000,100.0,21.0,1,Erigo T-Shirt Contrast Stitch Vikas Navy - Kaos Unisex - S,5.0,4.9,2025-05-19 18:04:09.703298,Kualitas produk: Bagus bahannya adem dan tebal,U***s,46,7
52.000,100.0,21.0,1,Erigo T-Shirt Contrast Stitch Vikas Navy - Kaos Unisex - S,5.0,4.9,2025-02-25 18:04:09.703302,"Bagus cuma ukuran Lnya ukuran L kecil  beda sama yg satunya
 Tapi ttp suka kainya ademm",B***t,87,16
52.000,100.0,21.0,1,Erigo T-Shirt Contrast Stitch Vikas Navy - Kaos Unisex - S,5.0,4.9,2025-05-09 18:04:09.703306,"warnanya bagus, bahannya jg g bkin gerah. tp kl boleh saran, lingkar lehernya agak dibuat longgar sedikit spy lebih nyaman dipake.
seller & pengirimannya jg gercep, j...",Yulia,169,27
52.000,100.0,21.0,1,Erigo T-Shirt Contrast Stitch Vikas Navy - Kaos Unisex - S,5.0,4.9,2024-08-19 18:04:09.703310,Sangat wort it kualitas memukau harga terjangkauüëçüèº,G***s,50,7
52.000,100.0,21.0,1,Erigo T-Shirt Contrast Stitch Vikas Navy - Kaos Unisex - S,5.0,4.9,2025-07-16 18:04:09.703315,Kualitas produk: üëçüëçüëçüëçüëç,Z***r,22,3
52.000,100.0,21.0,1,Erigo T-Shirt Contrast Stitch Vikas Navy - Kaos Unisex - S,5.0,4.9,2024-08-14 18:04:09.703319,Aga tipis,D***m,9,2
52.000,100.0,21.0,1,Erigo T-Shirt Contrast Stitch Vikas Navy - Kaos Unisex - S,5.0,4.9,2025-06-30 18:04:09.703324,Kualitas produk: Bagus,B***j,22,3
52.000,100.0,21.0,1,Erigo T-Shirt Contrast Stitch Vikas Navy - Kaos Unisex - S,5.0,4.9,2025-06-26 18:04:09.703328,tipis,n***a,5,1
52.000,100.0,21.0,1,Erigo T-Shirt Contrast Stitch Vikas Navy - Kaos Unisex - S,5.0,4.9,2025-05-29 18:04:09.703332,Dpt harga promo,M***c,15,3
74.000,12.0,9.0,1,Erigo T-Shirt Ring Tee Wilbur Cream - Kaos Unisex - S,5.0,4.8,2025-03-10 18:04:09.703336,"produk bagus, harga bagus, pengiriman lancar",R***d,44,6
74.000,12.0,5.0,1,Erigo T-Shirt Ring Tee Wilbur Cream - Kaos Unisex - S,5.0,4.8,2025-01-28 18:04:09.703341,"bagus, produk berkualitas sekali, erigo emang mantappp",H***n,54,7
74.000,12.0,17.0,1,Erigo T-Shirt Ring Tee Wilbur Cream - Kaos Unisex - S,5.0,4.8,2025-03-12 18:04:09.703346,Bagus tp agak tipis,T***S,19,4
224.000,3.0,1.0,4,Erigo Cargo Pants Ut Salix Light Brown - Celana Panjang Cargo Unisex - 28,5.0,5.0,2024-08-14 18:04:09.703350,Bagus bahan nya dan model nya,P***n,29,6
208.000,90.0,15.0,5,"Erigo Relax Chino Pants Egan Khaky - Celana Panjang Relax Unisex - size, 28",5.0,4.6,2025-01-17 18:04:09.703355,"sesuai deskripsi, warna dan ukuran sesuai, kualitas baik pengiriman barang cepat",A***m,80,11
208.000,90.0,15.0,5,"Erigo Relax Chino Pants Egan Khaky - Celana Panjang Relax Unisex - size, 28",5.0,4.6,2024-11-19 18:04:09.703359,"bahan nya mantep, pengiriman cepat",C***l,34,5
208.000,90.0,15.0,5,"Erigo Relax Chino Pants Egan Khaky - Celana Panjang Relax Unisex - size, 28",5.0,4.6,2025-01-31 18:04:09.703363,"Kualitas produk: Agak tipis
Cocok utk BB 70 UK L, TB 170",T***S,56,12
208.000,90.0,15.0,5,"Erigo Relax Chino Pants Egan Khaky - Celana Panjang Relax Unisex - size, 28",5.0,4.6,2025-01-08 18:04:09.703368,material tipis banget. cost down qualitynya parah banget. erigo 2020 ga gini amat.,M***d,82,13
208.000,90.0,15.0,5,"Erigo Relax Chino Pants Egan Khaky - Celana Panjang Relax Unisex - size, 28",5.0,4.6,2025-03-15 18:04:09.703372,Bahan tipis,S***a,11,2
208.000,90.0,15.0,5,"Erigo Relax Chino Pants Egan Khaky - Celana Panjang Relax Unisex - size, 28",5.0,4.6,2025-07-08 18:04:09.703376,bahannya bagus,1****,14,2
208.000,90.0,15.0,5,"Erigo Relax Chino Pants Egan Khaky - Celana Panjang Relax Unisex - size, 28",5.0,4.6,2025-06-08 18:04:09.703381,Kualitas produk: Bagus,G***n,22,3
208.000,90.0,15.0,5,"Erigo Relax Chino Pants Egan Khaky - Celana Panjang Relax Unisex - size, 28",5.0,4.6,2024-09-27 18:04:09.703385,"Enak dpkai, bagus",A***n,17,3
208.000,90.0,15.0,5,"Erigo Relax Chino Pants Egan Khaky - Celana Panjang Relax Unisex - size, 28",5.0,4.6,2024-07-20 18:04:09.703389,Panjang bngetüò≠üò≠üò≠,B***e,16,2
208.000,90.0,15.0,5,"Erigo Relax Chino Pants Egan Khaky - Celana Panjang Relax Unisex - size, 28",5.0,4.6,2025-01-08 18:04:09.703393,Barang sesuai dengan pesanan,T***q,28,4
230.000,50.0,7.0,8,Erigo Denim Pants Efron Medium Blue Sand Wash - Celana Panjang Denim Unisex - 28,5.0,4.8,2024-08-16 18:04:09.703402,"produk bagus, harga bagus, pengiriman lancar",R***d,44,6
230.000,50.0,7.0,8,Erigo Denim Pants Efron Medium Blue Sand Wash - Celana Panjang Denim Unisex - 28,5.0,4.8,2024-12-17 18:04:09.703406,"Warna nya kusem, kaya celana blom di cuci 1 bln üò©",R***n,49,11
230.000,50.0,7.0,8,Erigo Denim Pants Efron Medium Blue Sand Wash - Celana Panjang Denim Unisex - 28,5.0,4.8,2025-03-20 18:04:09.703410,Kualitas produk: Bagus,I***t,22,3
230.000,50.0,7.0,8,Erigo Denim Pants Efron Medium Blue Sand Wash - Celana Panjang Denim Unisex - 28,5.0,4.8,2024-09-15 18:04:09.703414,Kualitas sangat bagus,Z***x,21,3
230.000,50.0,7.0,8,Erigo Denim Pants Efron Medium Blue Sand Wash - Celana Panjang Denim Unisex - 28,5.0,4.8,2025-07-14 18:04:09.703419,Selalu oke,T***S,10,2
230.000,50.0,7.0,8,Erigo Denim Pants Efron Medium Blue Sand Wash - Celana Panjang Denim Unisex - 28,5.0,4.8,2025-03-09 18:04:09.703424,Bagus,A***w,5,1
230.000,50.0,7.0,8,Erigo Denim Pants Efron Medium Blue Sand Wash - Celana Panjang Denim Unisex - 28,5.0,4.8,2025-06-16 18:04:09.703428,mantapp,Z***v,7,1
140.000,80.0,2.0,2,"Erigo Short Shirt Pocket Dalwyn Brown - Kemeja Lengan Pendek Rayon Unisex - Size, M",5.0,4.9,2025-04-24 18:04:09.703437,"ukuran pas, bahan ok, nyaman semoga awet dan bagus terus",I***m,56,10
140.000,80.0,2.0,2,"Erigo Short Shirt Pocket Dalwyn Brown - Kemeja Lengan Pendek Rayon Unisex - Size, M",5.0,4.9,2025-01-18 18:04:09.703441,"Pas dibadan, bahan halus. Terima kasih. üëç",L***L,41,7
140.000,80.0,2.0,2,"Erigo Short Shirt Pocket Dalwyn Brown - Kemeja Lengan Pendek Rayon Unisex - Size, M",5.0,4.9,2025-05-28 18:04:09.703445,Kualitas produk: Bagus,D***K,22,3
140.000,80.0,2.0,2,"Erigo Short Shirt Pocket Dalwyn Brown - Kemeja Lengan Pendek Rayon Unisex - Size, M",5.0,4.9,2024-08-12 18:04:09.703449,Kualitas produk: Baik,*****,21,3
140.000,80.0,2.0,2,"Erigo Short Shirt Pocket Dalwyn Brown - Kemeja Lengan Pendek Rayon Unisex - Size, M",5.0,4.9,2025-06-25 18:04:09.703454,Sudahh datangg thanks min,H***h,25,4
140.000,80.0,2.0,2,"Erigo Short Shirt Pocket Dalwyn Brown - Kemeja Lengan Pendek Rayon Unisex - Size, M",5.0,4.9,2025-05-24 18:04:09.703458,bagus pol,d***i,9,2
140.000,80.0,2.0,2,"Erigo Short Shirt Pocket Dalwyn Brown - Kemeja Lengan Pendek Rayon Unisex - Size, M",5.0,4.9,2025-04-18 18:04:09.703462,Sangat bagus,T***S,12,2
140.000,80.0,2.0,2,"Erigo Short Shirt Pocket Dalwyn Brown - Kemeja Lengan Pendek Rayon Unisex - Size, M",5.0,4.9,2025-01-15 18:04:09.703467,Oke,I***g,3,1
154.000,18.0,5.0,7,Erigo Chino Pants Flexi Fit Vince Army - Celana Panjang Chino Unisex - 28,5.0,4.7,2024-09-05 18:04:09.703471,"kualitas Erigo, sudah langganan bbrp kali beli produknya, mantap, model cakep dan pas ukurannya üëçüëçüëç",A***a,99,15
154.000,18.0,5.0,7,Erigo Chino Pants Flexi Fit Vince Army - Celana Panjang Chino Unisex - 28,5.0,4.7,2024-12-20 18:04:09.703476,Kualitas produk: Sangat bagus,D***d,29,4
154.000,18.0,5.0,7,Erigo Chino Pants Flexi Fit Vince Army - Celana Panjang Chino Unisex - 28,5.0,4.7,2025-05-30 18:04:09.703480,Mantul,K***q,6,1
154.000,18.0,5.0,7,Erigo Chino Pants Flexi Fit Vince Army - Celana Panjang Chino Unisex - 28,5.0,4.7,2024-11-22 18:04:09.703484,Bagus,M***i,5,1
154.000,18.0,5.0,7,Erigo Chino Pants Flexi Fit Vince Army - Celana Panjang Chino Unisex - 28,5.0,4.7,2025-02-21 18:04:09.703489,.,P***i,1,1
80.000,30.0,8.0,1,Erigo T-Shirt Oversize Pocket Morie Pale - Kaos Oversize Unisex - M,5.0,5.0,2025-03-13 18:04:09.703493,"Pengiriman nya aga lama yaa, bhn nya enakeun, bagus üëç",F***y,53,10
80.000,30.0,8.0,1,Erigo T-Shirt Oversize Pocket Morie Pale - Kaos Oversize Unisex - M,5.0,5.0,2025-04-17 18:04:09.703497,Kain lembut. Nyaman ukuran sesuai,C***5,33,5
80.000,30.0,8.0,1,Erigo T-Shirt Oversize Pocket Morie Pale - Kaos Oversize Unisex - M,5.0,5.0,2025-05-07 18:04:09.703501,Bagusss pwolllll bahan ademmmmm,R***a,31,4
80.000,30.0,8.0,1,Erigo T-Shirt Oversize Pocket Morie Pale - Kaos Oversize Unisex - M,5.0,5.0,2024-12-25 18:04:09.703506,Bahan ny adem,p***a,13,3
80.000,30.0,8.0,1,Erigo T-Shirt Oversize Pocket Morie Pale - Kaos Oversize Unisex - M,5.0,5.0,2025-01-19 18:04:09.703510,Bagus,*****,5,1
80.000,30.0,8.0,1,Erigo T-Shirt Oversize Pocket Morie Pale - Kaos Oversize Unisex - M,5.0,5.0,2025-03-13 18:04:09.703514,Mantap,T***S,6,1
80.000,30.0,8.0,1,Erigo T-Shirt Oversize Pocket Morie Pale - Kaos Oversize Unisex - M,5.0,5.0,2024-10-03 18:04:09.703518,üòÉ,M***x,1,1
80.000,30.0,8.0,1,Erigo T-Shirt Oversize Pocket Morie Pale - Kaos Oversize Unisex - M,5.0,5.0,2024-12-17 18:04:09.703523,Gudddd,T***S,6,1
179.000,2.0,1.0,1,"Erigo Jersey Arkanax Red Ella - Kaos Jersey Unisex - size, M",5.0,5.0,2025-05-06 18:04:09.703527,"Datang barang nya telat si..
Quality barang nya udah pasti bagus
Size sama warna nya sesuai.",E***k,92,16
84.000,100.0,20.0,1,Erigo T-Shirt Wade Black - Kaos Unisex - S,5.0,5.0,2025-02-08 18:04:09.703532,"Sudah 3 thn aku pakai brand ini..
Semua bajuku n celanaku brand ini..",s***n,69,13
84.000,100.0,20.0,1,Erigo T-Shirt Wade Black - Kaos Unisex - S,5.0,5.0,2024-10-25 18:04:09.703536,"Sampainya cepat. Bahannya bagus, adem n motifnya juga keren. Penjualnya pun ramah & membantu...
Sy sudah sering beli kaos erigo coz adem kaosnya..
Trima kasih y kak..",S***7,166,27
84.000,100.0,20.0,1,Erigo T-Shirt Wade Black - Kaos Unisex - S,5.0,5.0,2025-06-27 18:04:09.703540,Terima kasih seler barang sudah sampai dg selamat üôè. Sudah order kesekian kali karna kualitas mg tdk pernah bohong üëå,M***A,116,20
84.000,100.0,20.0,1,Erigo T-Shirt Wade Black - Kaos Unisex - S,5.0,5.0,2025-07-02 18:04:09.703545,Kualitas produk: Bagus peking rapih,b***y,35,5
84.000,100.0,20.0,1,Erigo T-Shirt Wade Black - Kaos Unisex - S,5.0,5.0,2024-08-28 18:04:09.703549,Bahan kaosnya adem... Alhamdulillah suka,L***a,40,5
84.000,100.0,20.0,1,Erigo T-Shirt Wade Black - Kaos Unisex - S,5.0,5.0,2024-09-16 18:04:09.703553,Barang sesuai yg di foto,:****,24,5
84.000,100.0,20.0,1,Erigo T-Shirt Wade Black - Kaos Unisex - S,5.0,5.0,2025-02-22 18:04:09.703558,"Bagus, sesuai pesanan",Z***7,21,3
84.000,100.0,20.0,1,Erigo T-Shirt Wade Black - Kaos Unisex - S,5.0,5.0,2024-08-26 18:04:09.703562,Barang nya bagus,R***a,16,3
84.000,100.0,20.0,1,Erigo T-Shirt Wade Black - Kaos Unisex - S,5.0,5.0,2024-08-21 18:04:09.703567,Terbaik sesuai gambar,F***r,21,3
84.000,100.0,20.0,1,Erigo T-Shirt Wade Black - Kaos Unisex - S,5.0,5.0,2024-09-01 18:04:09.703572,Real pict,T***S,9,2
52.000,250.0,63.0,1,"Erigo T-Shirt Embro Varen Emerald - Kaos Unisex - size, S",5.0,4.9,2025-01-17 18:04:09.703576,bahan bagus untuk harga yang terjangkau bahanya lembut adem dan enggak panas,T***r,76,12
52.000,250.0,63.0,1,"Erigo T-Shirt Embro Varen Emerald - Kaos Unisex - size, S",5.0,4.9,2025-03-29 18:04:09.703580,"Alhamdulillah sdh cepet nyampe brg bagus 
Dapat hrg murah 30rbn dpr kaos erigo",Y***h,78,13
52.000,250.0,63.0,1,"Erigo T-Shirt Embro Varen Emerald - Kaos Unisex - size, S",5.0,4.9,2024-07-23 18:04:09.703584,"nyaman dipakai,harga oke, udah langganan",I***p,40,5
52.000,250.0,63.0,1,"Erigo T-Shirt Embro Varen Emerald - Kaos Unisex - size, S",5.0,4.9,2025-05-08 18:04:09.703589,baju lebaran nih gesss....cakep pisan. emang suka bgt sama erigo. berkualitas tapi gak bikin dompet terkuras.,Noviyanti,109,16
52.000,250.0,63.0,1,"Erigo T-Shirt Embro Varen Emerald - Kaos Unisex - size, S",5.0,4.9,2025-03-04 18:04:09.703593,"Erigo soal kwalitas GX diragukan, beli Uda yg kesekian x y",C***y,58,11
52.000,250.0,63.0,1,"Erigo T-Shirt Embro Varen Emerald - Kaos Unisex - size, S",5.0,4.9,2024-12-25 18:04:09.703598,kaosnya biasa aja... harga 50rbuan serasa harga 35rbuan kalo dipasar pasar kaosnya..kaos untuk dipakai dirumah aja inimah.. pengiriman cepat,Eem,140,19
52.000,250.0,63.0,1,"Erigo T-Shirt Embro Varen Emerald - Kaos Unisex - size, S",5.0,4.9,2025-05-18 18:04:09.703602,Kualitas produk: Kaya kaos cepe 3,A***p,33,6
52.000,250.0,63.0,1,"Erigo T-Shirt Embro Varen Emerald - Kaos Unisex - size, S",5.0,4.9,2024-11-12 18:04:09.703606,Bahan halus lembut,f***),18,3
52.000,250.0,63.0,1,"Erigo T-Shirt Embro Varen Emerald - Kaos Unisex - size, S",5.0,4.9,2025-06-26 18:04:09.703610,Yes,K***L,3,1
52.000,250.0,63.0,1,"Erigo T-Shirt Embro Varen Emerald - Kaos Unisex - size, S",5.0,4.9,2025-02-23 18:04:09.703614,Kualitas produk: Sangat baik,T***S,28,4
74.000,40.0,2.0,1,Erigo T-Shirt Ring Tee Wallis Cream - Kaos Unisex - S,5.0,4.9,2025-06-01 18:04:09.703619,"bahan adem, agak tipis, jahitan rapih cm bekas benang yg tertinggal byk",Bunga,71,12
74.000,40.0,2.0,1,Erigo T-Shirt Ring Tee Wallis Cream - Kaos Unisex - S,5.0,4.9,2024-11-16 18:04:09.703624,barang original sesuai dengan gambar pas di badan,Djoko,49,8
74.000,40.0,2.0,1,Erigo T-Shirt Ring Tee Wallis Cream - Kaos Unisex - S,5.0,4.9,2024-10-24 18:04:09.703628,"Sesuai, tinggal dicoba pakai dan mudahan awet",A***n,45,7
74.000,40.0,2.0,1,Erigo T-Shirt Ring Tee Wallis Cream - Kaos Unisex - S,5.0,4.9,2025-01-09 18:04:09.703633,"Good, tapi pengiriman lelet",U***k,27,4
74.000,40.0,2.0,1,Erigo T-Shirt Ring Tee Wallis Cream - Kaos Unisex - S,5.0,4.9,2025-01-15 18:04:09.703637,"Bagus, barang nya sudah sampe üëç",J***w,31,6
74.000,40.0,2.0,1,Erigo T-Shirt Ring Tee Wallis Cream - Kaos Unisex - S,5.0,4.9,2025-03-02 18:04:09.703641,Kualitas nomor 1,y***y,16,3
74.000,40.0,2.0,1,Erigo T-Shirt Ring Tee Wallis Cream - Kaos Unisex - S,5.0,4.9,2025-05-21 18:04:09.703645,Mantap,n***s,6,1
74.000,40.0,2.0,1,Erigo T-Shirt Ring Tee Wallis Cream - Kaos Unisex - S,5.0,4.9,2024-08-19 18:04:09.703650,Bagusssss,√£****,9,1
74.000,40.0,2.0,1,Erigo T-Shirt Ring Tee Wallis Cream - Kaos Unisex - S,5.0,4.9,2024-12-23 18:04:09.703654,Amazing,√∞***¬é,7,1
208.000,250.0,46.0,5,"Erigo Relax Chino Pants Errol Black - Celana Panjang Relax Unisex - size, 28",5.0,4.7,2024-10-26 18:04:09.703658,"Baru ini beli Erigo sangat tidak puas, bahan sangat tipis, pas check out harga tinggi, ternyata bahan tidak seperti biasanya..Kecewa",T***S,132,20
208.000,250.0,46.0,5,"Erigo Relax Chino Pants Errol Black - Celana Panjang Relax Unisex - size, 28",5.0,4.7,2025-04-06 18:04:09.703663,Sebenarnya bahannya bagus tipis n ringan tp ga nerawang looo... Tp anakku ga suka krn teksturnya kyk celana bapak¬≤... Terpaksalah Bundanya yg akan pake... Kebetulan muat...,T***S,172,26
208.000,250.0,46.0,5,"Erigo Relax Chino Pants Errol Black - Celana Panjang Relax Unisex - size, 28",5.0,4.7,2025-03-22 18:04:09.703667,bahan lemes ndk kaku jahitan juga rapih üëçüèºüëçüèºüëçüèºüëçüèºüëçüèº,Y***s,50,8
208.000,250.0,46.0,5,"Erigo Relax Chino Pants Errol Black - Celana Panjang Relax Unisex - size, 28",5.0,4.7,2025-06-09 18:04:09.703671,"Nyaman bahan adem
Kualitas produk: Bagus",P***j,40,6
208.000,250.0,46.0,5,"Erigo Relax Chino Pants Errol Black - Celana Panjang Relax Unisex - size, 28",5.0,4.7,2025-06-13 18:04:09.703676,Pembelian ke 5 dan ga pernah gagal,Aris,34,7
208.000,250.0,46.0,5,"Erigo Relax Chino Pants Errol Black - Celana Panjang Relax Unisex - size, 28",5.0,4.7,2025-04-20 18:04:09.703680,"ukuran celana cukup besar. sayangnya bahan sedikit terlalu tipis, semoga awet.
dengan harga segini sudah cukup sesuai.",A***l,118,17
208.000,250.0,46.0,5,"Erigo Relax Chino Pants Errol Black - Celana Panjang Relax Unisex - size, 28",5.0,4.7,2024-11-13 18:04:09.703684,"Kualitas produk: Bahannya Tipis tp adem uk 40 nya gedeeeeeee msh agak longgar, enak nyaman d pake kata anakku",T***S,109,19
208.000,250.0,46.0,5,"Erigo Relax Chino Pants Errol Black - Celana Panjang Relax Unisex - size, 28",5.0,4.7,2024-09-17 18:04:09.703688,"Berpatokan ke model Chino warna lain yang ukuran 30 aga ngepas, lalu di warna ini pilih no 32 supaya ga terlalu ngepas, eh malah kelonggaran dan kepanjangan...mungkin kal...",Uthe,173,28
208.000,250.0,46.0,5,"Erigo Relax Chino Pants Errol Black - Celana Panjang Relax Unisex - size, 28",5.0,4.7,2024-12-05 18:04:09.703693,"Bahannya sangat bagus mau order lg tp size 36 nya habisss, tolong tambah stok nya dong seller",R***a,93,17
208.000,250.0,46.0,5,"Erigo Relax Chino Pants Errol Black - Celana Panjang Relax Unisex - size, 28",5.0,4.7,2025-07-06 18:04:09.703697,"Udah beli 3 celana Relax warna item ini untuk suami dan anak keren aman nyaman untuk orang¬≤ yg gemoy, yang warna lain nya 2 puas banget pokoknya
Kualitas produk: Ok punya...",T***z,173,31
84.000,60.0,17.0,1,Erigo T-Shirt Atom Black - Kaos Unisex - S,5.0,4.9,2025-01-07 18:04:09.703746,"Yg ini lebih bagus karena sablonannya beda lebih tebel dan bahannya karet jadi lebih kuat
Kualitas produk: Bagus",T***S,112,18
84.000,60.0,17.0,1,Erigo T-Shirt Atom Black - Kaos Unisex - S,5.0,4.9,2025-02-16 18:04:09.703751,"bahan bagus nyaman, sesuai deskripsi",cepi,36,5
84.000,60.0,17.0,1,Erigo T-Shirt Atom Black - Kaos Unisex - S,5.0,4.9,2024-11-30 18:04:09.703755,"Beli beda hari sampe bareng best erigo buat sehari"" nyaman ü•∞",T***S,60,11
84.000,60.0,17.0,1,Erigo T-Shirt Atom Black - Kaos Unisex - S,5.0,4.9,2024-12-20 18:04:09.703759,"Ini juga nyampe
Bahan bgus banget",s***n,33,6
84.000,60.0,17.0,1,Erigo T-Shirt Atom Black - Kaos Unisex - S,5.0,4.9,2025-04-22 18:04:09.703766,Kualitas produk: Bagus,M****,22,3
84.000,60.0,17.0,1,Erigo T-Shirt Atom Black - Kaos Unisex - S,5.0,4.9,2024-11-15 18:04:09.703773,Tipis,F***i,5,1
84.000,60.0,17.0,1,Erigo T-Shirt Atom Black - Kaos Unisex - S,5.0,4.9,2024-09-11 18:04:09.703781,Real pict,T***S,9,2
84.000,60.0,17.0,1,Erigo T-Shirt Atom Black - Kaos Unisex - S,5.0,4.9,2025-04-09 18:04:09.703787,P,T***S,1,1
84.000,60.0,17.0,1,Erigo T-Shirt Atom Black - Kaos Unisex - S,5.0,4.9,2024-09-09 18:04:09.703794,bagus,A***n,5,1
84.000,60.0,17.0,1,Erigo T-Shirt Atom Black - Kaos Unisex - S,5.0,4.9,2025-07-06 18:04:09.703802,Bagus,D***e,5,1
224.000,16.0,15.0,4,Erigo Cargo Pants Ut Savier Black - Celana Panjang Cargo Unisex - 28,5.0,4.8,2024-09-08 18:04:09.703816,Sip,Q***w,3,1
224.000,16.0,2.0,4,Erigo Cargo Pants Ut Savier Black - Celana Panjang Cargo Unisex - 28,5.0,4.8,2025-07-19 18:04:09.703822,.,B***b,1,1
224.000,16.0,10.0,4,Erigo Cargo Pants Ut Savier Black - Celana Panjang Cargo Unisex - 28,5.0,4.8,2024-08-14 18:04:09.703829,.,K***y,1,1
74.000,60.0,2.0,1,Erigo T-Shirt Ring Tee Wisher Cream - Kaos Unisex - S,5.0,5.0,2025-04-16 18:04:09.703836,"terima kasih, langganan beli kaos di sini, kemasan baru",G***I,55,9
74.000,60.0,17.0,1,Erigo T-Shirt Ring Tee Wisher Cream - Kaos Unisex - S,5.0,5.0,2024-09-24 18:04:09.703842,Bahan lebih tipis,T***S,17,3
74.000,60.0,8.0,1,Erigo T-Shirt Ring Tee Wisher Cream - Kaos Unisex - S,5.0,5.0,2024-08-20 18:04:09.703849,Design gokil,U***m,12,2
74.000,60.0,1.0,1,Erigo T-Shirt Ring Tee Wisher Cream - Kaos Unisex - S,5.0,5.0,2024-07-28 18:04:09.703856,Alhamdulillah paketnya sudah diterima dengan baik..bajunya bagus sesuai pesanan terimakasih,T***S,91,10
74.000,60.0,9.0,1,Erigo T-Shirt Ring Tee Wisher Cream - Kaos Unisex - S,5.0,5.0,2024-09-11 18:04:09.703862,"B
Bagus banget",T***S,14,3
74.000,60.0,11.0,1,Erigo T-Shirt Ring Tee Wisher Cream - Kaos Unisex - S,5.0,5.0,2025-06-16 18:04:09.703869,Barang sudah diterima dengan baik....terima kasih,Septian,49,6
74.000,60.0,16.0,1,Erigo T-Shirt Ring Tee Wisher Cream - Kaos Unisex - S,5.0,5.0,2024-12-23 18:04:09.703876,Sesuai pesanan,B***k,14,2
74.000,60.0,7.0,1,Erigo T-Shirt Ring Tee Wisher Cream - Kaos Unisex - S,5.0,5.0,2025-02-08 18:04:09.703884,Bagus,v***),5,1
74.000,60.0,10.0,1,Erigo T-Shirt Ring Tee Wisher Cream - Kaos Unisex - S,5.0,5.0,2024-08-02 18:04:09.703892,Bavus,C***e,5,1
74.000,60.0,3.0,1,Erigo T-Shirt Ring Tee Wisher Cream - Kaos Unisex - S,5.0,5.0,2024-09-12 18:04:09.703899,Mantools,S***n,8,1
66.000,90.0,18.0,1,Erigo T-Shirt Basic Regular Black - Kaos Polos Unisex - S,5.0,4.3,2024-07-23 18:04:09.703906,"Paket sdh ditrm, ternyata ukurannya lbh kecil, dan dipake anakku ngepres,  bahan bagus adem",T***S,91,14
66.000,90.0,13.0,1,Erigo T-Shirt Basic Regular Black - Kaos Polos Unisex - S,5.0,4.3,2024-09-30 18:04:09.703913,"Suka banget sama kaos dari erigo,,bahannya bagus adem,,the best pokoknya",Z***q,72,10
66.000,90.0,7.0,1,Erigo T-Shirt Basic Regular Black - Kaos Polos Unisex - S,5.0,4.3,2025-05-26 18:04:09.703920,"Oke nyaman kainnya dingin
Bagus bagys",F***a,37,6
66.000,90.0,4.0,1,Erigo T-Shirt Basic Regular Black - Kaos Polos Unisex - S,5.0,4.3,2025-04-06 18:04:09.703951,"Kacau, 3 kali beli artikel yang sama dengan size sama.. tapi ukuran dan cutting bisa berbeda semua. Entah qc atau apa yang masalah.. seriously you‚Äôre a bad big brand üëéüèº",A***y,168,30
66.000,90.0,13.0,1,Erigo T-Shirt Basic Regular Black - Kaos Polos Unisex - S,5.0,4.3,2024-09-21 18:04:09.703960,Bahan tipis tidak seperti yg saya beli tahun lalu,Mikha,49,9
66.000,90.0,20.0,1,Erigo T-Shirt Basic Regular Black - Kaos Polos Unisex - S,5.0,4.3,2024-08-23 18:04:09.703967,"Barangnya bagus, pengiriman cepat",M****,33,4
66.000,90.0,1.0,1,Erigo T-Shirt Basic Regular Black - Kaos Polos Unisex - S,5.0,4.3,2025-06-01 18:04:09.703975,Bajunya bagus banget pokoknya,X***c,29,4
66.000,90.0,8.0,1,Erigo T-Shirt Basic Regular Black - Kaos Polos Unisex - S,5.0,4.3,2025-01-07 18:04:09.703982,Yang datang kok warna hitam ya,a***R,30,6
66.000,90.0,14.0,1,Erigo T-Shirt Basic Regular Black - Kaos Polos Unisex - S,5.0,4.3,2024-07-30 18:04:09.703989,Sz lebih kecil dari biasanya,A***o,28,5
66.000,90.0,16.0,1,Erigo T-Shirt Basic Regular Black - Kaos Polos Unisex - S,5.0,4.3,2024-12-15 18:04:09.704043,Kualitas produk: Kurang,s***u,23,3
